perf_metric,perf_metric_diff,pvalue,names,method,perf_metric_name,seed,outcome,taxlevel,metric,dataset,trainfrac
0.5260858050847458,0.00569385593220339,0.22772277227722773,Otu00001,glmnet,AUC,100,idsa,OTU,AUC,int,0.8
0.5226959745762711,0.00908368644067803,0.19801980198019803,Otu00002,glmnet,AUC,100,idsa,OTU,AUC,int,0.8
0.5308792372881356,9.004237288136041e-4,0.2079207920792079,Otu00003,glmnet,AUC,100,idsa,OTU,AUC,int,0.8
0.5303389830508475,0.0014406779661017,0.4356435643564357,Otu00004,glmnet,AUC,100,idsa,OTU,AUC,int,0.8
0.5271186440677966,0.00466101694915255,0.25742574257425743,Otu00005,glmnet,AUC,100,idsa,OTU,AUC,int,0.8
0.5297669491525424,0.00201271186440676,0.37623762376237624,Otu00006,glmnet,AUC,100,idsa,OTU,AUC,int,0.8
0.5327065677966102,-9.269067796610076e-4,0.5643564356435643,Otu00007,glmnet,AUC,100,idsa,OTU,AUC,int,0.8
0.5310805084745762,6.991525423729605e-4,0.3465346534653465,Otu00008,glmnet,AUC,100,idsa,OTU,AUC,int,0.8
0.5258527542372882,0.00592690677966101,0.24752475247524752,Otu00009,glmnet,AUC,100,idsa,OTU,AUC,int,0.8
0.5410063559322034,-0.00922669491525418,0.8712871287128713,Otu00010,glmnet,AUC,100,idsa,OTU,AUC,int,0.8
0.5307468220338983,0.00103283898305084,0.49504950495049505,Otu00011,glmnet,AUC,100,idsa,OTU,AUC,int,0.8
0.5323516949152542,-5.720338983050688e-4,0.5643564356435643,Otu00012,glmnet,AUC,100,idsa,OTU,AUC,int,0.8
0.5337235169491525,-0.00194385593220336,0.6732673267326733,Otu00013,glmnet,AUC,100,idsa,OTU,AUC,int,0.8
0.5364459745762712,-0.00466631355932201,0.801980198019802,Otu00014,glmnet,AUC,100,idsa,OTU,AUC,int,0.8
0.5282203389830509,0.0035593220338983,0.21782178217821785,Otu00015,glmnet,AUC,100,idsa,OTU,AUC,int,0.8
0.5113241525423728,0.02045550847457633,0.0594059405940594,Otu00016,glmnet,AUC,100,idsa,OTU,AUC,int,0.8
0.5294438559322033,0.00233580508474584,0.07920792079207921,Otu00017,glmnet,AUC,100,idsa,OTU,AUC,int,0.8
0.5319173728813559,-1.377118644066977e-4,0.594059405940594,Otu00018,glmnet,AUC,100,idsa,OTU,AUC,int,0.8
0.5313771186440678,4.0254237288139816e-4,0.4752475247524752,Otu00019,glmnet,AUC,100,idsa,OTU,AUC,int,0.8
0.5306355932203389,0.00114406779661024,0.31683168316831684,Otu00020,glmnet,AUC,100,idsa,OTU,AUC,int,0.8
0.5270021186440678,0.00477754237288141,0.3564356435643564,Otu00021,glmnet,AUC,100,idsa,OTU,AUC,int,0.8
0.5326430084745762,-8.633474576270617e-4,0.4752475247524752,Otu00022,glmnet,AUC,100,idsa,OTU,AUC,int,0.8
0.5310646186440678,7.15042372881336e-4,0.45544554455445546,Otu00023,glmnet,AUC,100,idsa,OTU,AUC,int,0.8
0.5315889830508475,1.906779661017266e-4,0.6039603960396039,Otu00024,glmnet,AUC,100,idsa,OTU,AUC,int,0.8
0.5297828389830509,0.00199682203389828,0.4455445544554455,Otu00025,glmnet,AUC,100,idsa,OTU,AUC,int,0.8
0.5312023305084745,5.773305084746383e-4,0.31683168316831684,Otu00026,glmnet,AUC,100,idsa,OTU,AUC,int,0.8
0.5261652542372881,0.00561440677966107,0.3465346534653465,Otu00027,glmnet,AUC,100,idsa,OTU,AUC,int,0.8
0.5285699152542372,0.00320974576271193,0.32673267326732675,Otu00028,glmnet,AUC,100,idsa,OTU,AUC,int,0.8
0.5303442796610169,0.00143538135593224,0.46534653465346537,Otu00029,glmnet,AUC,100,idsa,OTU,AUC,int,0.8
0.5153654661016949,0.01641419491525431,0.0891089108910891,Otu00030,glmnet,AUC,100,idsa,OTU,AUC,int,0.8
0.5283421610169492,0.00343749999999998,0.4455445544554455,Otu00031,glmnet,AUC,100,idsa,OTU,AUC,int,0.8
0.531573093220339,2.0656779661021307e-4,0.5148514851485149,Otu00032,glmnet,AUC,100,idsa,OTU,AUC,int,0.8
0.5282256355932203,0.00355402542372884,0.3069306930693069,Otu00033,glmnet,AUC,100,idsa,OTU,AUC,int,0.8
0.5312764830508474,5.031779661017755e-4,0.18811881188118812,Otu00034,glmnet,AUC,100,idsa,OTU,AUC,int,0.8
0.5243432203389831,0.00743644067796611,0.26732673267326734,Otu00035,glmnet,AUC,100,idsa,OTU,AUC,int,0.8
0.5308792372881356,9.004237288136041e-4,0.48514851485148514,Otu00036,glmnet,AUC,100,idsa,OTU,AUC,int,0.8
0.5314459745762712,3.336864406779938e-4,0.6534653465346535,Otu00037,glmnet,AUC,100,idsa,OTU,AUC,int,0.8
0.5304766949152542,0.001302966101695,0.4257425742574258,Otu00038,glmnet,AUC,100,idsa,OTU,AUC,int,0.8
0.5258792372881356,0.0059004237288136,0.33663366336633666,Otu00039,glmnet,AUC,100,idsa,OTU,AUC,int,0.8
0.5316525423728814,1.2711864406778073e-4,0.7326732673267327,Otu00040,glmnet,AUC,100,idsa,OTU,AUC,int,0.8
0.5316419491525424,1.377118644068e-4,0.7128712871287128,Otu00041,glmnet,AUC,100,idsa,OTU,AUC,int,0.8
0.5306779661016949,0.00110169491525424,0.32673267326732675,Otu00042,glmnet,AUC,100,idsa,OTU,AUC,int,0.8
0.5263665254237289,0.00541313559322031,0.2871287128712871,Otu00043,glmnet,AUC,100,idsa,OTU,AUC,int,0.8
0.5317108050847458,6.885593220340436e-5,0.8217821782178217,Otu00044,glmnet,AUC,100,idsa,OTU,AUC,int,0.8
0.5296504237288135,0.00212923728813563,0.27722772277227725,Otu00045,glmnet,AUC,100,idsa,OTU,AUC,int,0.8
0.5315942796610169,1.8538135593226812e-4,0.6138613861386139,Otu00046,glmnet,AUC,100,idsa,OTU,AUC,int,0.8
0.5298305084745762,0.00194915254237293,0.39603960396039606,Otu00047,glmnet,AUC,100,idsa,OTU,AUC,int,0.8
0.5262923728813559,0.00548728813559329,0.297029702970297,Otu00048,glmnet,AUC,100,idsa,OTU,AUC,int,0.8
0.531186440677966,5.932203389831248e-4,0.49504950495049505,Otu00049,glmnet,AUC,100,idsa,OTU,AUC,int,0.8
0.5368961864406779,-0.00511652542372875,0.8415841584158416,Otu00050,glmnet,AUC,100,idsa,OTU,AUC,int,0.8
0.5293697033898305,0.0024099576271187,0.38613861386138615,Otu00051,glmnet,AUC,100,idsa,OTU,AUC,int,0.8
0.5273146186440678,0.00446504237288136,0.04950495049504951,Otu00052,glmnet,AUC,100,idsa,OTU,AUC,int,0.8
0.5281567796610169,0.00362288135593225,0.16831683168316833,Otu00054,glmnet,AUC,100,idsa,OTU,AUC,int,0.8
0.5300264830508474,0.00175317796610174,0.405940594059406,Otu00055,glmnet,AUC,100,idsa,OTU,AUC,int,0.8
0.5286440677966102,0.00313559322033896,0.07920792079207921,Otu00056,glmnet,AUC,100,idsa,OTU,AUC,int,0.8
0.5362870762711864,-0.00450741525423725,0.900990099009901,Otu00057,glmnet,AUC,100,idsa,OTU,AUC,int,0.8
0.5317266949152543,5.296610169491789e-5,0.8811881188118812,Otu00058,glmnet,AUC,100,idsa,OTU,AUC,int,0.8
0.5315042372881356,2.7542372881361743e-4,0.504950495049505,Otu00059,glmnet,AUC,100,idsa,OTU,AUC,int,0.8
0.5422722457627118,-0.01049258474576264,0.7227722772277227,Otu00060,glmnet,AUC,100,idsa,OTU,AUC,int,0.8
0.5300105932203389,0.00176906779661023,0.15841584158415842,Otu00061,glmnet,AUC,100,idsa,OTU,AUC,int,0.8
0.5267002118644067,0.00507944915254243,0.24752475247524752,Otu00062,glmnet,AUC,100,idsa,OTU,AUC,int,0.8
0.5216631355932203,0.01011652542372887,0.06930693069306931,Otu00063,glmnet,AUC,100,idsa,OTU,AUC,int,0.8
0.5303177966101695,0.00146186440677964,0.5346534653465347,Otu00065,glmnet,AUC,100,idsa,OTU,AUC,int,0.8
0.5274629237288135,0.00431673728813564,0.39603960396039606,Otu00066,glmnet,AUC,100,idsa,OTU,AUC,int,0.8
0.5290148305084745,0.00276483050847464,0.24752475247524752,Otu00067,glmnet,AUC,100,idsa,OTU,AUC,int,0.8
0.5315889830508475,1.906779661017266e-4,0.5346534653465347,Otu00072,glmnet,AUC,100,idsa,OTU,AUC,int,0.8
0.5316896186440678,9.004237288134931e-5,0.801980198019802,Otu00073,glmnet,AUC,100,idsa,OTU,AUC,int,0.8
0.5310487288135594,7.309322033898225e-4,0.48514851485148514,Otu00074,glmnet,AUC,100,idsa,OTU,AUC,int,0.8
0.5310858050847458,6.93855932203391e-4,0.15841584158415842,Otu00075,glmnet,AUC,100,idsa,OTU,AUC,int,0.8
0.5304608050847458,0.00131885593220337,0.46534653465346537,Otu00077,glmnet,AUC,100,idsa,OTU,AUC,int,0.8
0.5351430084745763,-0.00336334745762711,0.6435643564356436,Otu00078,glmnet,AUC,100,idsa,OTU,AUC,int,0.8
0.5322722457627118,-4.925847457626364e-4,0.594059405940594,Otu00079,glmnet,AUC,100,idsa,OTU,AUC,int,0.8
0.530884533898305,8.951271186441456e-4,0.3465346534653465,Otu00081,glmnet,AUC,100,idsa,OTU,AUC,int,0.8
0.5301165254237288,0.00166313559322039,0.405940594059406,Otu00082,glmnet,AUC,100,idsa,OTU,AUC,int,0.8
0.5286652542372882,0.00311440677966101,0.10891089108910892,Otu00083,glmnet,AUC,100,idsa,OTU,AUC,int,0.8
0.5314353813559322,3.442796610170218e-4,0.5544554455445545,Otu00084,glmnet,AUC,100,idsa,OTU,AUC,int,0.8
0.5395180084745763,-0.00773834745762713,0.9108910891089108,Otu00086,glmnet,AUC,100,idsa,OTU,AUC,int,0.8
0.5304237288135593,0.00135593220338992,0.10891089108910892,Otu00088,glmnet,AUC,100,idsa,OTU,AUC,int,0.8
0.5276165254237288,0.00416313559322034,0.297029702970297,Otu00090,glmnet,AUC,100,idsa,OTU,AUC,int,0.8
0.5282097457627118,0.00356991525423733,0.4158415841584158,Otu00091,glmnet,AUC,100,idsa,OTU,AUC,int,0.8
0.5282786016949153,0.00350105932203392,0.3465346534653465,Otu00092,glmnet,AUC,100,idsa,OTU,AUC,int,0.8
0.5313877118644068,3.9194915254237017e-4,0.5841584158415841,Otu00093,glmnet,AUC,100,idsa,OTU,AUC,int,0.8
0.5535222457627119,-0.02174258474576274,0.9108910891089108,Otu00094,glmnet,AUC,100,idsa,OTU,AUC,int,0.8
0.5227383474576272,0.00904131355932202,0.07920792079207921,Otu00095,glmnet,AUC,100,idsa,OTU,AUC,int,0.8
0.5302648305084746,0.00151483050847456,0.4158415841584158,Otu00096,glmnet,AUC,100,idsa,OTU,AUC,int,0.8
0.5316048728813559,1.747881355932401e-4,0.49504950495049505,Otu00097,glmnet,AUC,100,idsa,OTU,AUC,int,0.8
0.5273040254237288,0.00447563559322039,0.10891089108910892,Otu00098,glmnet,AUC,100,idsa,OTU,AUC,int,0.8
0.5357627118644068,-0.00398305084745764,0.5742574257425742,Otu00099,glmnet,AUC,100,idsa,OTU,AUC,int,0.8
0.5316684322033899,1.1122881355929426e-4,0.7920792079207921,Otu00101,glmnet,AUC,100,idsa,OTU,AUC,int,0.8
0.5325900423728813,-8.103813559321438e-4,0.6435643564356436,Otu00103,glmnet,AUC,100,idsa,OTU,AUC,int,0.8
0.528458686440678,0.00332097457627122,0.2376237623762376,Otu00105,glmnet,AUC,100,idsa,OTU,AUC,int,0.8
0.5315360169491525,2.436440677966445e-4,0.5346534653465347,Otu00106,glmnet,AUC,100,idsa,OTU,AUC,int,0.8
0.5315466101694916,2.330508474576165e-4,0.5544554455445545,Otu00108,glmnet,AUC,100,idsa,OTU,AUC,int,0.8
0.5216578389830508,0.01012182203389833,0.15841584158415842,Otu00110,glmnet,AUC,100,idsa,OTU,AUC,int,0.8
0.531843220338983,-6.355932203383485e-5,0.4752475247524752,Otu00111,glmnet,AUC,100,idsa,OTU,AUC,int,0.8
0.5300953389830508,0.00168432203389834,0.2871287128712871,Otu00112,glmnet,AUC,100,idsa,OTU,AUC,int,0.8
0.5315995762711865,1.8008474576269862e-4,0.6435643564356436,Otu00117,glmnet,AUC,100,idsa,OTU,AUC,int,0.8
0.5305614406779661,0.00121822033898311,0.4752475247524752,Otu00119,glmnet,AUC,100,idsa,OTU,AUC,int,0.8
0.5302436440677966,0.00153601694915261,0.48514851485148514,Otu00122,glmnet,AUC,100,idsa,OTU,AUC,int,0.8
0.5311811440677966,5.985169491525832e-4,0.297029702970297,Otu00123,glmnet,AUC,100,idsa,OTU,AUC,int,0.8
0.5290836864406779,0.00269597457627124,0.37623762376237624,Otu00124,glmnet,AUC,100,idsa,OTU,AUC,int,0.8
0.5287023305084746,0.00307733050847458,0.1485148514851485,Otu00125,glmnet,AUC,100,idsa,OTU,AUC,int,0.8
0.5315148305084746,2.6483050847458944e-4,0.594059405940594,Otu00127,glmnet,AUC,100,idsa,OTU,AUC,int,0.8
0.5351959745762712,-0.00341631355932203,0.8811881188118812,Otu00129,glmnet,AUC,100,idsa,OTU,AUC,int,0.8
0.5270180084745762,0.00476165254237292,0.16831683168316833,Otu00130,glmnet,AUC,100,idsa,OTU,AUC,int,0.8
0.524375,0.00740466101694914,0.13861386138613865,Otu00131,glmnet,AUC,100,idsa,OTU,AUC,int,0.8
0.5294597457627118,0.00231991525423735,0.0198019801980198,Otu00133,glmnet,AUC,100,idsa,OTU,AUC,int,0.8
0.5325529661016949,-7.733050847457124e-4,0.594059405940594,Otu00134,glmnet,AUC,100,idsa,OTU,AUC,int,0.8
0.5315572033898305,2.2245762711869951e-4,0.6138613861386139,Otu00135,glmnet,AUC,100,idsa,OTU,AUC,int,0.8
0.5241843220338983,0.00759533898305087,0.25742574257425743,Otu00137,glmnet,AUC,100,idsa,OTU,AUC,int,0.8
0.5302754237288135,0.00150423728813564,0.36633663366336633,Otu00139,glmnet,AUC,100,idsa,OTU,AUC,int,0.8
0.5282838983050847,0.00349576271186446,0.0198019801980198,Otu00142,glmnet,AUC,100,idsa,OTU,AUC,int,0.8
0.5315095338983051,2.701271186440479e-4,0.5841584158415841,Otu00144,glmnet,AUC,100,idsa,OTU,AUC,int,0.8
0.5302489406779661,0.00153072033898304,0.2079207920792079,Otu00147,glmnet,AUC,100,idsa,OTU,AUC,int,0.8
0.5237976694915254,0.00798199152542378,0.0099009900990099,Otu00148,glmnet,AUC,100,idsa,OTU,AUC,int,0.8
0.5320338983050847,-2.5423728813556146e-4,0.7326732673267327,Otu00151,glmnet,AUC,100,idsa,OTU,AUC,int,0.8
0.5311970338983051,5.826271186440968e-4,0.33663366336633666,Otu00152,glmnet,AUC,100,idsa,OTU,AUC,int,0.8
0.5353389830508475,-0.0035593220338983,0.9207920792079208,Otu00155,glmnet,AUC,100,idsa,OTU,AUC,int,0.8
0.5313718220338983,4.0783898305085664e-4,0.5544554455445545,Otu00160,glmnet,AUC,100,idsa,OTU,AUC,int,0.8
0.5309004237288135,8.792372881356592e-4,0.5544554455445545,Otu00165,glmnet,AUC,100,idsa,OTU,AUC,int,0.8
0.5315783898305085,2.0127118644064357e-4,0.6732673267326733,Otu00167,glmnet,AUC,100,idsa,OTU,AUC,int,0.8
0.531313559322034,4.66101694915233e-4,0.5643564356435643,Otu00170,glmnet,AUC,100,idsa,OTU,AUC,int,0.8
0.5311387711864407,6.408898305084731e-4,0.6039603960396039,Otu00172,glmnet,AUC,100,idsa,OTU,AUC,int,0.8
0.5270444915254238,0.00473516949152541,0.0198019801980198,Otu00177,glmnet,AUC,100,idsa,OTU,AUC,int,0.8
0.5296345338983051,0.00214512711864411,0.4257425742574258,Otu00180,glmnet,AUC,100,idsa,OTU,AUC,int,0.8
0.5314618644067797,3.1779661016950733e-4,0.5643564356435643,Otu00184,glmnet,AUC,100,idsa,OTU,AUC,int,0.8
0.5304608050847458,0.00131885593220337,0.3465346534653465,Otu00187,glmnet,AUC,100,idsa,OTU,AUC,int,0.8
0.5310699152542373,7.097457627118775e-4,0.4158415841584158,Otu00194,glmnet,AUC,100,idsa,OTU,AUC,int,0.8
0.531186440677966,5.932203389831248e-4,0.5148514851485149,Otu00202,glmnet,AUC,100,idsa,OTU,AUC,int,0.8
0.5307574152542373,0.00102224576271192,0.39603960396039606,Otu00204,glmnet,AUC,100,idsa,OTU,AUC,int,0.8
0.531239406779661,5.402542372882069e-4,0.297029702970297,Otu00206,glmnet,AUC,100,idsa,OTU,AUC,int,0.8
0.5317319915254237,4.7669491525459406e-5,0.9108910891089108,Otu00207,glmnet,AUC,100,idsa,OTU,AUC,int,0.8
0.5317161016949152,6.355932203394588e-5,0.8811881188118812,Otu00208,glmnet,AUC,100,idsa,OTU,AUC,int,0.8
0.5311122881355932,6.673728813559876e-4,0.4356435643564357,Otu00210,glmnet,AUC,100,idsa,OTU,AUC,int,0.8
0.5301112288135593,0.00166843220338985,0.24752475247524752,Otu00215,glmnet,AUC,100,idsa,OTU,AUC,int,0.8
0.531218220338983,5.614406779661518e-4,0.46534653465346537,Otu00217,glmnet,AUC,100,idsa,OTU,AUC,int,0.8
0.5235540254237289,0.00822563559322031,0.1782178217821782,Otu00218,glmnet,AUC,100,idsa,OTU,AUC,int,0.8
0.5319173728813559,-1.377118644066977e-4,0.594059405940594,Otu00224,glmnet,AUC,100,idsa,OTU,AUC,int,0.8
0.5298834745762712,0.00189618644067801,0.0891089108910891,Otu00227,glmnet,AUC,100,idsa,OTU,AUC,int,0.8
0.527542372881356,0.0042372881355932,0.4356435643564357,Otu00228,glmnet,AUC,100,idsa,OTU,AUC,int,0.8
0.5295127118644067,0.00226694915254244,0.4257425742574258,Otu00229,glmnet,AUC,100,idsa,OTU,AUC,int,0.8
0.5310222457627118,7.574152542373369e-4,0.4257425742574258,Otu00231,glmnet,AUC,100,idsa,OTU,AUC,int,0.8
0.5316472457627118,1.3241525423735023e-4,0.6138613861386139,Otu00232,glmnet,AUC,100,idsa,OTU,AUC,int,0.8
0.5315307203389831,2.48940677966103e-4,0.4752475247524752,Otu00235,glmnet,AUC,100,idsa,OTU,AUC,int,0.8
0.5265095338983051,0.00527012711864405,0.25742574257425743,Otu00242,glmnet,AUC,100,idsa,OTU,AUC,int,0.8
0.5312235169491525,5.561440677966933e-4,0.37623762376237624,Otu00245,glmnet,AUC,100,idsa,OTU,AUC,int,0.8
0.530646186440678,0.00113347457627122,0.45544554455445546,Otu00246,glmnet,AUC,100,idsa,OTU,AUC,int,0.8
0.5347722457627119,-0.00299258474576269,0.7128712871287128,Otu00247,glmnet,AUC,100,idsa,OTU,AUC,int,0.8
0.5315889830508475,1.906779661017266e-4,0.5148514851485149,Otu00252,glmnet,AUC,100,idsa,OTU,AUC,int,0.8
0.5342955508474576,-0.00251588983050843,0.6336633663366337,Otu00258,glmnet,AUC,100,idsa,OTU,AUC,int,0.8
0.5310010593220339,7.786016949152819e-4,0.4356435643564357,Otu00267,glmnet,AUC,100,idsa,OTU,AUC,int,0.8
0.5265307203389831,0.0052489406779661,0.04950495049504951,Otu00268,glmnet,AUC,100,idsa,OTU,AUC,int,0.8
0.5310858050847458,6.93855932203391e-4,0.3564356435643564,Otu00292,glmnet,AUC,100,idsa,OTU,AUC,int,0.8
0.5305773305084746,0.00120233050847462,0.37623762376237624,Otu00298,glmnet,AUC,100,idsa,OTU,AUC,int,0.8
0.529094279661017,0.00268538135593221,0.297029702970297,Otu00304,glmnet,AUC,100,idsa,OTU,AUC,int,0.8
0.5305614406779661,0.00121822033898311,0.38613861386138615,Otu00313,glmnet,AUC,100,idsa,OTU,AUC,int,0.8
0.531271186440678,5.084745762712339e-4,0.48514851485148514,Otu00321,glmnet,AUC,100,idsa,OTU,AUC,int,0.8
0.5326641949152542,-8.845338983050066e-4,0.8316831683168316,Otu00324,glmnet,AUC,100,idsa,OTU,AUC,int,0.8
0.5286599576271186,0.00311970338983058,0.2376237623762376,Otu00331,glmnet,AUC,100,idsa,OTU,AUC,int,0.8
0.5324258474576271,-6.461864406779316e-4,0.504950495049505,Otu00334,glmnet,AUC,100,idsa,OTU,AUC,int,0.8
0.5374523305084746,-0.00567266949152545,0.6237623762376238,Otu00346,glmnet,AUC,100,idsa,OTU,AUC,int,0.8
0.5315783898305084,2.012711864407546e-4,0.5742574257425742,Otu00355,glmnet,AUC,100,idsa,OTU,AUC,int,0.8
0.5315254237288135,2.542372881356725e-4,0.45544554455445546,Otu00373,glmnet,AUC,100,idsa,OTU,AUC,int,0.8
0.5281302966101695,0.00364936440677965,0.39603960396039606,Otu00375,glmnet,AUC,100,idsa,OTU,AUC,int,0.8
0.5267213983050848,0.00505826271186438,0.1485148514851485,Otu00376,glmnet,AUC,100,idsa,OTU,AUC,int,0.8
0.5244703389830508,0.00730932203389833,0.3564356435643564,Otu00394,glmnet,AUC,100,idsa,OTU,AUC,int,0.8
0.5313612288135593,4.1843220338988463e-4,0.5346534653465347,Otu00402,glmnet,AUC,100,idsa,OTU,AUC,int,0.8
0.5180402542372882,0.01373940677966101,0.1485148514851485,Otu00432,glmnet,AUC,100,idsa,OTU,AUC,int,0.8
0.5316472457627118,1.3241525423735023e-4,0.7326732673267327,Otu00464,glmnet,AUC,100,idsa,OTU,AUC,int,0.8
0.5296186440677966,0.0021610169491526,0.405940594059406,Otu00487,glmnet,AUC,100,idsa,OTU,AUC,int,0.8
0.5386228813559322,-0.00684322033898299,0.6633663366336634,Otu00522,glmnet,AUC,100,idsa,OTU,AUC,int,0.8
0.5286175847457627,0.00316207627118647,0.0891089108910891,Otu00540,glmnet,AUC,100,idsa,OTU,AUC,int,0.8
0.5232362288135594,0.00854343220338982,0.0396039603960396,Otu00578,glmnet,AUC,100,idsa,OTU,AUC,int,0.8
0.5262129237288136,0.00556673728813561,0.38613861386138615,Otu00600,glmnet,AUC,100,idsa,OTU,AUC,int,0.8
0.5222457627118644,0.00953389830508477,0.0891089108910891,Otu00681,glmnet,AUC,100,idsa,OTU,AUC,int,0.8
0.5311705508474577,6.091101694915002e-4,0.48514851485148514,Otu00692,glmnet,AUC,100,idsa,OTU,AUC,int,0.8
0.5266843220338983,0.00509533898305092,0.32673267326732675,Otu00706,glmnet,AUC,100,idsa,OTU,AUC,int,0.8
0.5314830508474576,2.966101694915624e-4,0.48514851485148514,Otu00724,glmnet,AUC,100,idsa,OTU,AUC,int,0.8
0.5283580508474576,0.0034216101694916,0.1782178217821782,Otu00727,glmnet,AUC,100,idsa,OTU,AUC,int,0.8
0.5271186440677966,0.00466101694915255,0.0594059405940594,Otu00763,glmnet,AUC,100,idsa,OTU,AUC,int,0.8
0.5317213983050848,5.826271186437637e-5,0.8613861386138614,Otu00878,glmnet,AUC,100,idsa,OTU,AUC,int,0.8
0.5300158898305085,0.00176377118644066,0.2376237623762376,Otu00883,glmnet,AUC,100,idsa,OTU,AUC,int,0.8
0.5415783898305084,-0.00979872881355925,0.9603960396039604,Otu00932,glmnet,AUC,100,idsa,OTU,AUC,int,0.8
0.5314989406779661,2.807203389830759e-4,0.46534653465346537,Otu00950,glmnet,AUC,100,idsa,OTU,AUC,int,0.8
0.5317478813559322,3.177966101697294e-5,0.7821782178217822,Otu01004,glmnet,AUC,100,idsa,OTU,AUC,int,0.8
0.5300953389830508,0.00168432203389834,0.45544554455445546,Otu01084,glmnet,AUC,100,idsa,OTU,AUC,int,0.8
0.6259259259259259,0,1,Otu00001,glmnet,AUC,100,allcause,OTU,AUC,int,0.8
0.6273086419753087,-0.00138271604938278,0.6237623762376238,Otu00002,glmnet,AUC,100,allcause,OTU,AUC,int,0.8
0.6257777777777778,1.481481481481195e-4,0.5841584158415841,Otu00003,glmnet,AUC,100,allcause,OTU,AUC,int,0.8
0.6276666666666667,-0.00174074074074082,0.6633663366336634,Otu00004,glmnet,AUC,100,allcause,OTU,AUC,int,0.8
0.6323703703703704,-0.00644444444444447,0.6534653465346535,Otu00005,glmnet,AUC,100,allcause,OTU,AUC,int,0.8
0.6245308641975309,0.00139506172839498,0.49504950495049505,Otu00006,glmnet,AUC,100,allcause,OTU,AUC,int,0.8
0.6225555555555555,0.00337037037037035,0.5445544554455446,Otu00007,glmnet,AUC,100,allcause,OTU,AUC,int,0.8
0.6349382716049382,-0.00901234567901232,0.8811881188118812,Otu00008,glmnet,AUC,100,allcause,OTU,AUC,int,0.8
0.6256543209876543,2.716049382716079e-4,0.7029702970297029,Otu00009,glmnet,AUC,100,allcause,OTU,AUC,int,0.8
0.6164567901234568,0.0094691358024691,0.39603960396039606,Otu00010,glmnet,AUC,100,allcause,OTU,AUC,int,0.8
0.6171728395061729,0.00875308641975303,0.5148514851485149,Otu00011,glmnet,AUC,100,allcause,OTU,AUC,int,0.8
0.6484938271604939,-0.02256790123456797,0.8514851485148515,Otu00012,glmnet,AUC,100,allcause,OTU,AUC,int,0.8
0.627358024691358,-0.00143209876543215,0.7722772277227723,Otu00013,glmnet,AUC,100,allcause,OTU,AUC,int,0.8
0.6204444444444445,0.00548148148148142,0.4752475247524752,Otu00014,glmnet,AUC,100,allcause,OTU,AUC,int,0.8
0.6245555555555555,0.00137037037037035,0.6138613861386139,Otu00015,glmnet,AUC,100,allcause,OTU,AUC,int,0.8
0.6403086419753087,-0.01438271604938279,0.7425742574257426,Otu00016,glmnet,AUC,100,allcause,OTU,AUC,int,0.8
0.6328641975308642,-0.00693827160493831,0.7227722772277227,Otu00017,glmnet,AUC,100,allcause,OTU,AUC,int,0.8
0.6252469135802469,6.790123456790198e-4,0.7029702970297029,Otu00018,glmnet,AUC,100,allcause,OTU,AUC,int,0.8
0.6047037037037037,0.02122222222222214,0.0891089108910891,Otu00019,glmnet,AUC,100,allcause,OTU,AUC,int,0.8
0.6284938271604938,-0.00256790123456795,0.8712871287128713,Otu00020,glmnet,AUC,100,allcause,OTU,AUC,int,0.8
0.6167283950617284,0.0091975308641975,0.37623762376237624,Otu00021,glmnet,AUC,100,allcause,OTU,AUC,int,0.8
0.6312222222222222,-0.00529629629629635,0.5247524752475248,Otu00022,glmnet,AUC,100,allcause,OTU,AUC,int,0.8
0.6282469135802469,-0.00232098765432098,0.4158415841584158,Otu00023,glmnet,AUC,100,allcause,OTU,AUC,int,0.8
0.6239382716049383,0.00198765432098757,0.48514851485148514,Otu00024,glmnet,AUC,100,allcause,OTU,AUC,int,0.8
0.6270370370370371,-0.00111111111111117,0.45544554455445546,Otu00025,glmnet,AUC,100,allcause,OTU,AUC,int,0.8
0.6342716049382716,-0.00834567901234573,0.8613861386138614,Otu00026,glmnet,AUC,100,allcause,OTU,AUC,int,0.8
0.6240493827160494,0.00187654320987651,0.6039603960396039,Otu00027,glmnet,AUC,100,allcause,OTU,AUC,int,0.8
0.6323333333333333,-0.00640740740740741,0.9306930693069309,Otu00028,glmnet,AUC,100,allcause,OTU,AUC,int,0.8
0.6213950617283951,0.00453086419753079,0.5544554455445545,Otu00029,glmnet,AUC,100,allcause,OTU,AUC,int,0.8
0.6116913580246913,0.01423456790123456,0.3465346534653465,Otu00030,glmnet,AUC,100,allcause,OTU,AUC,int,0.8
0.6164444444444445,0.00948148148148142,0.22772277227722773,Otu00031,glmnet,AUC,100,allcause,OTU,AUC,int,0.8
0.6355925925925926,-0.00966666666666671,0.9603960396039604,Otu00032,glmnet,AUC,100,allcause,OTU,AUC,int,0.8
0.6197407407407407,0.00618518518518518,0.4158415841584158,Otu00033,glmnet,AUC,100,allcause,OTU,AUC,int,0.8
0.6247530864197531,0.00117283950617275,0.5346534653465347,Otu00034,glmnet,AUC,100,allcause,OTU,AUC,int,0.8
0.6163703703703703,0.00955555555555554,0.2376237623762376,Otu00035,glmnet,AUC,100,allcause,OTU,AUC,int,0.8
0.6255925925925926,3.333333333332966e-4,0.6831683168316832,Otu00036,glmnet,AUC,100,allcause,OTU,AUC,int,0.8
0.6258518518518518,7.407407407411526e-5,0.9405940594059404,Otu00037,glmnet,AUC,100,allcause,OTU,AUC,int,0.8
0.6220987654320987,0.00382716049382714,0.39603960396039606,Otu00038,glmnet,AUC,100,allcause,OTU,AUC,int,0.8
0.6227160493827161,0.00320987654320981,0.6732673267326733,Otu00039,glmnet,AUC,100,allcause,OTU,AUC,int,0.8
0.625641975308642,2.8395061728392346e-4,0.693069306930693,Otu00040,glmnet,AUC,100,allcause,OTU,AUC,int,0.8
0.6322592592592593,-0.00633333333333341,0.6237623762376238,Otu00041,glmnet,AUC,100,allcause,OTU,AUC,int,0.8
0.6301851851851852,-0.00425925925925929,0.9504950495049505,Otu00042,glmnet,AUC,100,allcause,OTU,AUC,int,0.8
0.6217407407407407,0.00418518518518518,0.5445544554455446,Otu00043,glmnet,AUC,100,allcause,OTU,AUC,int,0.8
0.6261481481481481,-2.2222222222223476e-4,0.900990099009901,Otu00044,glmnet,AUC,100,allcause,OTU,AUC,int,0.8
0.6216666666666667,0.00425925925925918,0.5346534653465347,Otu00045,glmnet,AUC,100,allcause,OTU,AUC,int,0.8
0.6289382716049383,-0.00301234567901242,0.801980198019802,Otu00046,glmnet,AUC,100,allcause,OTU,AUC,int,0.8
0.6237160493827161,0.00220987654320981,0.5148514851485149,Otu00047,glmnet,AUC,100,allcause,OTU,AUC,int,0.8
0.6280370370370371,-0.00211111111111117,0.5742574257425742,Otu00048,glmnet,AUC,100,allcause,OTU,AUC,int,0.8
0.6254074074074074,5.185185185184737e-4,0.7227722772277227,Otu00049,glmnet,AUC,100,allcause,OTU,AUC,int,0.8
0.6255555555555555,3.7037037037035425e-4,0.6534653465346535,Otu00050,glmnet,AUC,100,allcause,OTU,AUC,int,0.8
0.6251111111111111,8.148148148148238e-4,0.7029702970297029,Otu00051,glmnet,AUC,100,allcause,OTU,AUC,int,0.8
0.6251481481481481,7.777777777777661e-4,0.5742574257425742,Otu00052,glmnet,AUC,100,allcause,OTU,AUC,int,0.8
0.6148641975308642,0.01106172839506169,0.3564356435643564,Otu00054,glmnet,AUC,100,allcause,OTU,AUC,int,0.8
0.6243333333333333,0.00159259259259259,0.5643564356435643,Otu00055,glmnet,AUC,100,allcause,OTU,AUC,int,0.8
0.6276049382716049,-0.00167901234567902,0.8910891089108911,Otu00056,glmnet,AUC,100,allcause,OTU,AUC,int,0.8
0.6233703703703704,0.00255555555555553,0.3069306930693069,Otu00057,glmnet,AUC,100,allcause,OTU,AUC,int,0.8
0.6257283950617284,1.9753086419749263e-4,0.7821782178217822,Otu00058,glmnet,AUC,100,allcause,OTU,AUC,int,0.8
0.6223456790123457,0.00358024691358016,0.04950495049504951,Otu00059,glmnet,AUC,100,allcause,OTU,AUC,int,0.8
0.6495925925925926,-0.02366666666666672,0.9306930693069309,Otu00060,glmnet,AUC,100,allcause,OTU,AUC,int,0.8
0.6256172839506172,3.0864197530866555e-4,0.7524752475247525,Otu00061,glmnet,AUC,100,allcause,OTU,AUC,int,0.8
0.6148765432098765,0.01104938271604938,0.24752475247524752,Otu00062,glmnet,AUC,100,allcause,OTU,AUC,int,0.8
0.6220246913580247,0.00390123456790114,0.4752475247524752,Otu00063,glmnet,AUC,100,allcause,OTU,AUC,int,0.8
0.6302222222222222,-0.00429629629629635,0.7821782178217822,Otu00065,glmnet,AUC,100,allcause,OTU,AUC,int,0.8
0.6205925925925926,0.0053333333333333,0.6237623762376238,Otu00066,glmnet,AUC,100,allcause,OTU,AUC,int,0.8
0.6237283950617284,0.00219753086419749,0.31683168316831684,Otu00067,glmnet,AUC,100,allcause,OTU,AUC,int,0.8
0.6273703703703704,-0.00144444444444447,0.7029702970297029,Otu00072,glmnet,AUC,100,allcause,OTU,AUC,int,0.8
0.6229506172839506,0.00297530864197526,0.5346534653465347,Otu00073,glmnet,AUC,100,allcause,OTU,AUC,int,0.8
0.6256296296296296,2.96296296296239e-4,0.7623762376237624,Otu00074,glmnet,AUC,100,allcause,OTU,AUC,int,0.8
0.624,0.00192592592592588,0.26732673267326734,Otu00075,glmnet,AUC,100,allcause,OTU,AUC,int,0.8
0.6234197530864197,0.00250617283950616,0.06930693069306931,Otu00077,glmnet,AUC,100,allcause,OTU,AUC,int,0.8
0.6296172839506173,-0.00369135802469144,0.8217821782178217,Otu00078,glmnet,AUC,100,allcause,OTU,AUC,int,0.8
0.6318888888888888,-0.00596296296296294,0.8514851485148515,Otu00079,glmnet,AUC,100,allcause,OTU,AUC,int,0.8
0.6259876543209877,-6.172839506179972e-5,0.7821782178217822,Otu00081,glmnet,AUC,100,allcause,OTU,AUC,int,0.8
0.6257407407407407,1.8518518518517713e-4,0.7722772277227723,Otu00082,glmnet,AUC,100,allcause,OTU,AUC,int,0.8
0.6268148148148148,-8.88888888888939e-4,0.8514851485148515,Otu00083,glmnet,AUC,100,allcause,OTU,AUC,int,0.8
0.639074074074074,-0.01314814814814813,0.9801980198019802,Otu00084,glmnet,AUC,100,allcause,OTU,AUC,int,0.8
0.6212839506172839,0.00464197530864196,0.45544554455445546,Otu00086,glmnet,AUC,100,allcause,OTU,AUC,int,0.8
0.6257037037037037,2.2222222222223476e-4,0.7524752475247525,Otu00088,glmnet,AUC,100,allcause,OTU,AUC,int,0.8
0.612358024691358,0.01356790123456785,0.16831683168316833,Otu00090,glmnet,AUC,100,allcause,OTU,AUC,int,0.8
0.6230246913580247,0.00290123456790114,0.5643564356435643,Otu00091,glmnet,AUC,100,allcause,OTU,AUC,int,0.8
0.6241358024691358,0.00179012345679008,0.6732673267326733,Otu00092,glmnet,AUC,100,allcause,OTU,AUC,int,0.8
0.6251481481481481,7.777777777777661e-4,0.594059405940594,Otu00093,glmnet,AUC,100,allcause,OTU,AUC,int,0.8
0.615432098765432,0.01049382716049385,0.4356435643564357,Otu00094,glmnet,AUC,100,allcause,OTU,AUC,int,0.8
0.6194320987654321,0.00649382716049373,0.3069306930693069,Otu00095,glmnet,AUC,100,allcause,OTU,AUC,int,0.8
0.6241358024691358,0.00179012345679008,0.5346534653465347,Otu00096,glmnet,AUC,100,allcause,OTU,AUC,int,0.8
0.6258395061728395,8.64197530864308e-5,0.8712871287128713,Otu00097,glmnet,AUC,100,allcause,OTU,AUC,int,0.8
0.6229012345679013,0.00302469135802463,0.5247524752475248,Otu00098,glmnet,AUC,100,allcause,OTU,AUC,int,0.8
0.6248024691358025,0.00112345679012337,0.7029702970297029,Otu00099,glmnet,AUC,100,allcause,OTU,AUC,int,0.8
0.6375555555555555,-0.01162962962962965,0.9603960396039604,Otu00101,glmnet,AUC,100,allcause,OTU,AUC,int,0.8
0.6273456790123457,-0.00141975308641983,0.4356435643564357,Otu00103,glmnet,AUC,100,allcause,OTU,AUC,int,0.8
0.6225925925925926,0.00333333333333329,0.4356435643564357,Otu00105,glmnet,AUC,100,allcause,OTU,AUC,int,0.8
0.6255185185185185,4.074074074074119e-4,0.6732673267326733,Otu00106,glmnet,AUC,100,allcause,OTU,AUC,int,0.8
0.6086049382716049,0.01732098765432099,0.0297029702970297,Otu00108,glmnet,AUC,100,allcause,OTU,AUC,int,0.8
0.6216049382716049,0.00432098765432098,0.21782178217821785,Otu00110,glmnet,AUC,100,allcause,OTU,AUC,int,0.8
0.6251851851851852,7.407407407407085e-4,0.297029702970297,Otu00111,glmnet,AUC,100,allcause,OTU,AUC,int,0.8
0.6239259259259259,0.002,0.4752475247524752,Otu00112,glmnet,AUC,100,allcause,OTU,AUC,int,0.8
0.6258271604938271,9.876543209874632e-5,0.6534653465346535,Otu00117,glmnet,AUC,100,allcause,OTU,AUC,int,0.8
0.625320987654321,6.049382716049045e-4,0.7623762376237624,Otu00119,glmnet,AUC,100,allcause,OTU,AUC,int,0.8
0.6245061728395062,0.00141975308641972,0.5148514851485149,Otu00122,glmnet,AUC,100,allcause,OTU,AUC,int,0.8
0.6247901234567901,0.0011358024691358,0.48514851485148514,Otu00123,glmnet,AUC,100,allcause,OTU,AUC,int,0.8
0.6245308641975309,0.00139506172839498,0.6435643564356436,Otu00124,glmnet,AUC,100,allcause,OTU,AUC,int,0.8
0.6245679012345678,0.00135802469135803,0.46534653465346537,Otu00125,glmnet,AUC,100,allcause,OTU,AUC,int,0.8
0.6262962962962962,-3.7037037037035425e-4,0.5841584158415841,Otu00127,glmnet,AUC,100,allcause,OTU,AUC,int,0.8
0.6451851851851852,-0.01925925925925931,1,Otu00129,glmnet,AUC,100,allcause,OTU,AUC,int,0.8
0.6248888888888889,0.00103703703703694,0.2376237623762376,Otu00130,glmnet,AUC,100,allcause,OTU,AUC,int,0.8
0.6223086419753087,0.00361728395061722,0.18811881188118812,Otu00131,glmnet,AUC,100,allcause,OTU,AUC,int,0.8
0.6253333333333333,5.92592592592589e-4,0.5346534653465347,Otu00133,glmnet,AUC,100,allcause,OTU,AUC,int,0.8
0.6243703703703704,0.00155555555555553,0.405940594059406,Otu00134,glmnet,AUC,100,allcause,OTU,AUC,int,0.8
0.6248148148148148,0.00111111111111106,0.5445544554455446,Otu00135,glmnet,AUC,100,allcause,OTU,AUC,int,0.8
0.6355185185185185,-0.00959259259259259,0.7722772277227723,Otu00137,glmnet,AUC,100,allcause,OTU,AUC,int,0.8
0.6256543209876543,2.716049382716079e-4,0.7326732673267327,Otu00139,glmnet,AUC,100,allcause,OTU,AUC,int,0.8
0.6260617283950617,-1.3580246913580396e-4,0.8118811881188119,Otu00142,glmnet,AUC,100,allcause,OTU,AUC,int,0.8
0.6239753086419753,0.00195061728395062,0.4752475247524752,Otu00144,glmnet,AUC,100,allcause,OTU,AUC,int,0.8
0.6258395061728395,8.64197530864308e-5,0.9306930693069309,Otu00147,glmnet,AUC,100,allcause,OTU,AUC,int,0.8
0.6243703703703704,0.00155555555555553,0.39603960396039606,Otu00148,glmnet,AUC,100,allcause,OTU,AUC,int,0.8
0.6223456790123457,0.00358024691358016,0.25742574257425743,Otu00151,glmnet,AUC,100,allcause,OTU,AUC,int,0.8
0.6292345679012346,-0.00330864197530866,0.8712871287128713,Otu00152,glmnet,AUC,100,allcause,OTU,AUC,int,0.8
0.6318148148148148,-0.00588888888888894,0.8910891089108911,Otu00155,glmnet,AUC,100,allcause,OTU,AUC,int,0.8
0.6249753086419753,9.506172839506276e-4,0.32673267326732675,Otu00160,glmnet,AUC,100,allcause,OTU,AUC,int,0.8
0.6269259259259259,-0.001,0.7128712871287128,Otu00165,glmnet,AUC,100,allcause,OTU,AUC,int,0.8
0.6242962962962962,0.00162962962962964,0.21782178217821785,Otu00167,glmnet,AUC,100,allcause,OTU,AUC,int,0.8
0.6241234567901235,0.00180246913580239,0.37623762376237624,Otu00170,glmnet,AUC,100,allcause,OTU,AUC,int,0.8
0.619,0.00692592592592589,0.2871287128712871,Otu00172,glmnet,AUC,100,allcause,OTU,AUC,int,0.8
0.6219135802469136,0.00401234567901231,0.13861386138613865,Otu00177,glmnet,AUC,100,allcause,OTU,AUC,int,0.8
0.6212716049382716,0.00465432098765428,0.27722772277227725,Otu00180,glmnet,AUC,100,allcause,OTU,AUC,int,0.8
0.6269629629629629,-0.00103703703703705,0.4752475247524752,Otu00184,glmnet,AUC,100,allcause,OTU,AUC,int,0.8
0.6279506172839506,-0.00202469135802474,0.4257425742574258,Otu00187,glmnet,AUC,100,allcause,OTU,AUC,int,0.8
0.6236172839506173,0.00230864197530855,0.5346534653465347,Otu00194,glmnet,AUC,100,allcause,OTU,AUC,int,0.8
0.626679012345679,-7.530864197531351e-4,0.801980198019802,Otu00202,glmnet,AUC,100,allcause,OTU,AUC,int,0.8
0.625320987654321,6.049382716049045e-4,0.6237623762376238,Otu00204,glmnet,AUC,100,allcause,OTU,AUC,int,0.8
0.6256296296296296,2.96296296296239e-4,0.594059405940594,Otu00206,glmnet,AUC,100,allcause,OTU,AUC,int,0.8
0.6232839506172839,0.00264197530864196,0.0198019801980198,Otu00207,glmnet,AUC,100,allcause,OTU,AUC,int,0.8
0.6228148148148148,0.00311111111111106,0.22772277227722773,Otu00208,glmnet,AUC,100,allcause,OTU,AUC,int,0.8
0.6211358024691358,0.00479012345679008,0.6732673267326733,Otu00210,glmnet,AUC,100,allcause,OTU,AUC,int,0.8
0.6322469135802469,-0.00632098765432098,0.9207920792079208,Otu00215,glmnet,AUC,100,allcause,OTU,AUC,int,0.8
0.624716049382716,0.00120987654320992,0.4356435643564357,Otu00217,glmnet,AUC,100,allcause,OTU,AUC,int,0.8
0.6107283950617284,0.0151975308641975,0.2871287128712871,Otu00218,glmnet,AUC,100,allcause,OTU,AUC,int,0.8
0.6265308641975309,-6.049382716050156e-4,0.693069306930693,Otu00224,glmnet,AUC,100,allcause,OTU,AUC,int,0.8
0.6452592592592592,-0.01933333333333331,1,Otu00227,glmnet,AUC,100,allcause,OTU,AUC,int,0.8
0.6269753086419753,-0.00104938271604937,0.32673267326732675,Otu00228,glmnet,AUC,100,allcause,OTU,AUC,int,0.8
0.6235185185185185,0.00240740740740741,0.6138613861386139,Otu00229,glmnet,AUC,100,allcause,OTU,AUC,int,0.8
0.625320987654321,6.049382716049045e-4,0.32673267326732675,Otu00231,glmnet,AUC,100,allcause,OTU,AUC,int,0.8
0.6247407407407407,0.00118518518518517,0.6534653465346535,Otu00232,glmnet,AUC,100,allcause,OTU,AUC,int,0.8
0.6246666666666667,0.00125925925925918,0.5742574257425742,Otu00235,glmnet,AUC,100,allcause,OTU,AUC,int,0.8
0.6257283950617284,1.9753086419749263e-4,0.4356435643564357,Otu00242,glmnet,AUC,100,allcause,OTU,AUC,int,0.8
0.6256049382716049,3.209876543209811e-4,0.6831683168316832,Otu00245,glmnet,AUC,100,allcause,OTU,AUC,int,0.8
0.6239876543209877,0.0019382716049382,0.5247524752475248,Otu00246,glmnet,AUC,100,allcause,OTU,AUC,int,0.8
0.625358024691358,5.679012345678469e-4,0.4752475247524752,Otu00247,glmnet,AUC,100,allcause,OTU,AUC,int,0.8
0.6253950617283951,5.308641975307893e-4,0.5643564356435643,Otu00252,glmnet,AUC,100,allcause,OTU,AUC,int,0.8
0.6243086419753087,0.00161728395061722,0.693069306930693,Otu00258,glmnet,AUC,100,allcause,OTU,AUC,int,0.8
0.6181111111111111,0.00781481481481483,0.4356435643564357,Otu00267,glmnet,AUC,100,allcause,OTU,AUC,int,0.8
0.6293950617283951,-0.00346913580246921,0.7524752475247525,Otu00268,glmnet,AUC,100,allcause,OTU,AUC,int,0.8
0.6257654320987653,1.6049382716054603e-4,0.8712871287128713,Otu00292,glmnet,AUC,100,allcause,OTU,AUC,int,0.8
0.6272839506172839,-0.00135802469135803,0.5742574257425742,Otu00298,glmnet,AUC,100,allcause,OTU,AUC,int,0.8
0.6295802469135803,-0.00365432098765439,0.7029702970297029,Otu00304,glmnet,AUC,100,allcause,OTU,AUC,int,0.8
0.6225679012345678,0.00335802469135804,0.27722772277227725,Otu00313,glmnet,AUC,100,allcause,OTU,AUC,int,0.8
0.6267037037037037,-7.777777777777661e-4,0.39603960396039606,Otu00321,glmnet,AUC,100,allcause,OTU,AUC,int,0.8
0.6275555555555555,-0.00162962962962964,0.7821782178217822,Otu00324,glmnet,AUC,100,allcause,OTU,AUC,int,0.8
0.6261728395061729,-2.4691358024697685e-4,0.504950495049505,Otu00331,glmnet,AUC,100,allcause,OTU,AUC,int,0.8
0.6321111111111111,-0.00618518518518518,0.6732673267326733,Otu00334,glmnet,AUC,100,allcause,OTU,AUC,int,0.8
0.623358024691358,0.00256790123456784,0.7326732673267327,Otu00346,glmnet,AUC,100,allcause,OTU,AUC,int,0.8
0.6281358024691358,-0.00220987654320992,0.4752475247524752,Otu00355,glmnet,AUC,100,allcause,OTU,AUC,int,0.8
0.6307777777777778,-0.00485185185185188,0.9702970297029704,Otu00373,glmnet,AUC,100,allcause,OTU,AUC,int,0.8
0.6167777777777778,0.00914814814814812,0.2079207920792079,Otu00375,glmnet,AUC,100,allcause,OTU,AUC,int,0.8
0.6291481481481481,-0.00322222222222223,0.7524752475247525,Otu00376,glmnet,AUC,100,allcause,OTU,AUC,int,0.8
0.6194938271604938,0.00643209876543204,0.48514851485148514,Otu00394,glmnet,AUC,100,allcause,OTU,AUC,int,0.8
0.6303827160493827,-0.00445679012345678,0.8415841584158416,Otu00402,glmnet,AUC,100,allcause,OTU,AUC,int,0.8
0.6328641975308642,-0.00693827160493831,0.7821782178217822,Otu00432,glmnet,AUC,100,allcause,OTU,AUC,int,0.8
0.6258641975308642,6.17283950616887e-5,0.9405940594059404,Otu00464,glmnet,AUC,100,allcause,OTU,AUC,int,0.8
0.6266049382716049,-6.790123456790198e-4,0.45544554455445546,Otu00487,glmnet,AUC,100,allcause,OTU,AUC,int,0.8
0.6359259259259259,-0.01,0.8811881188118812,Otu00522,glmnet,AUC,100,allcause,OTU,AUC,int,0.8
0.6299382716049383,-0.00401234567901243,0.7623762376237624,Otu00540,glmnet,AUC,100,allcause,OTU,AUC,int,0.8
0.6320123456790123,-0.00608641975308643,0.9108910891089108,Otu00578,glmnet,AUC,100,allcause,OTU,AUC,int,0.8
0.6277901234567901,-0.00186419753086419,0.6039603960396039,Otu00600,glmnet,AUC,100,allcause,OTU,AUC,int,0.8
0.5761604938271605,0.04976543209876538,0.0099009900990099,Otu00681,glmnet,AUC,100,allcause,OTU,AUC,int,0.8
0.629320987654321,-0.00339506172839509,0.6633663366336634,Otu00692,glmnet,AUC,100,allcause,OTU,AUC,int,0.8
0.6136172839506173,0.01230864197530856,0.4356435643564357,Otu00706,glmnet,AUC,100,allcause,OTU,AUC,int,0.8
0.6226172839506173,0.00330864197530855,0.0396039603960396,Otu00724,glmnet,AUC,100,allcause,OTU,AUC,int,0.8
0.617358024691358,0.00856790123456785,0.297029702970297,Otu00727,glmnet,AUC,100,allcause,OTU,AUC,int,0.8
0.6253827160493827,5.432098765432158e-4,0.6039603960396039,Otu00763,glmnet,AUC,100,allcause,OTU,AUC,int,0.8
0.6257037037037037,2.2222222222223476e-4,0.3465346534653465,Otu00878,glmnet,AUC,100,allcause,OTU,AUC,int,0.8
0.6182839506172839,0.00764197530864196,0.1782178217821782,Otu00883,glmnet,AUC,100,allcause,OTU,AUC,int,0.8
0.6241358024691358,0.00179012345679008,0.32673267326732675,Otu00932,glmnet,AUC,100,allcause,OTU,AUC,int,0.8
0.6152592592592593,0.0106666666666666,0.22772277227722773,Otu00950,glmnet,AUC,100,allcause,OTU,AUC,int,0.8
0.6249753086419753,9.506172839506276e-4,0.5148514851485149,Otu01004,glmnet,AUC,100,allcause,OTU,AUC,int,0.8
0.6195308641975309,0.00639506172839499,0.27722772277227725,Otu01084,glmnet,AUC,100,allcause,OTU,AUC,int,0.8
0.46241379310344827,0.00310344827586206,0.5841584158415841,Otu00001,glmnet,AUC,100,attrib,OTU,AUC,int,0.8
0.4666954022988506,-0.00117816091954026,0.7821782178217822,Otu00002,glmnet,AUC,100,attrib,OTU,AUC,int,0.8
0.46482758620689657,6.896551724137612e-4,0.8217821782178217,Otu00003,glmnet,AUC,100,attrib,OTU,AUC,int,0.8
0.4656896551724138,-1.7241379310345417e-4,0.5841584158415841,Otu00004,glmnet,AUC,100,attrib,OTU,AUC,int,0.8
0.4642241379310345,0.00129310344827582,0.6831683168316832,Otu00005,glmnet,AUC,100,attrib,OTU,AUC,int,0.8
0.46382183908045976,0.00169540229885056,0.5841584158415841,Otu00006,glmnet,AUC,100,attrib,OTU,AUC,int,0.8
0.46301724137931033,0.0025,0.5148514851485149,Otu00007,glmnet,AUC,100,attrib,OTU,AUC,int,0.8
0.4608620689655173,0.00465517241379309,0.4356435643564357,Otu00008,glmnet,AUC,100,attrib,OTU,AUC,int,0.8
0.5047988505747126,-0.0392816091954023,0.9702970297029704,Otu00009,glmnet,AUC,100,attrib,OTU,AUC,int,0.8
0.4625287356321839,0.00298850574712644,0.5742574257425742,Otu00010,glmnet,AUC,100,attrib,OTU,AUC,int,0.8
0.4649425287356322,5.747126436781436e-4,0.7326732673267327,Otu00011,glmnet,AUC,100,attrib,OTU,AUC,int,0.8
0.4811494252873563,-0.01563218390804599,0.9405940594059404,Otu00012,glmnet,AUC,100,attrib,OTU,AUC,int,0.8
0.47117816091954023,-0.0056609195402299,0.9603960396039604,Otu00013,glmnet,AUC,100,attrib,OTU,AUC,int,0.8
0.4593390804597701,0.00617816091954021,0.48514851485148514,Otu00014,glmnet,AUC,100,attrib,OTU,AUC,int,0.8
0.4710344827586207,-0.00551724137931036,0.8910891089108911,Otu00015,glmnet,AUC,100,attrib,OTU,AUC,int,0.8
0.47979885057471267,-0.01428160919540233,0.9405940594059404,Otu00016,glmnet,AUC,100,attrib,OTU,AUC,int,0.8
0.4679022988505747,-0.00238505747126438,0.37623762376237624,Otu00017,glmnet,AUC,100,attrib,OTU,AUC,int,0.8
0.4652873563218391,2.298850574712352e-4,0.900990099009901,Otu00018,glmnet,AUC,100,attrib,OTU,AUC,int,0.8
0.4692816091954023,-0.00376436781609196,0.7128712871287128,Otu00019,glmnet,AUC,100,attrib,OTU,AUC,int,0.8
0.4626149425287357,0.00290229885057469,0.3465346534653465,Otu00020,glmnet,AUC,100,attrib,OTU,AUC,int,0.8
0.4621264367816092,0.00339080459770113,0.4455445544554455,Otu00021,glmnet,AUC,100,attrib,OTU,AUC,int,0.8
0.4793103448275862,-0.01379310344827589,0.9108910891089108,Otu00022,glmnet,AUC,100,attrib,OTU,AUC,int,0.8
0.46629310344827585,-7.75862068965516e-4,0.8415841584158416,Otu00023,glmnet,AUC,100,attrib,OTU,AUC,int,0.8
0.46293103448275863,0.0025862068965517,0.19801980198019803,Otu00024,glmnet,AUC,100,attrib,OTU,AUC,int,0.8
0.4699425287356322,-0.00442528735632186,0.6534653465346535,Otu00025,glmnet,AUC,100,attrib,OTU,AUC,int,0.8
0.46594827586206894,-4.310344827586077e-4,0.9603960396039604,Otu00026,glmnet,AUC,100,attrib,OTU,AUC,int,0.8
0.4617816091954023,0.00373563218390804,0.6138613861386139,Otu00027,glmnet,AUC,100,attrib,OTU,AUC,int,0.8
0.46520114942528734,3.1609195402299006e-4,0.9207920792079208,Otu00028,glmnet,AUC,100,attrib,OTU,AUC,int,0.8
0.45956896551724136,0.00594827586206897,0.4455445544554455,Otu00029,glmnet,AUC,100,attrib,OTU,AUC,int,0.8
0.4566091954022988,0.0089080459770115,0.297029702970297,Otu00030,glmnet,AUC,100,attrib,OTU,AUC,int,0.8
0.46807471264367817,-0.00255747126436783,0.8712871287128713,Otu00031,glmnet,AUC,100,attrib,OTU,AUC,int,0.8
0.4773563218390805,-0.01183908045977011,0.9603960396039604,Otu00032,glmnet,AUC,100,attrib,OTU,AUC,int,0.8
0.4621551724137931,0.00336206896551721,0.22772277227722773,Otu00033,glmnet,AUC,100,attrib,OTU,AUC,int,0.8
0.4614080459770115,0.00410919540229881,0.5643564356435643,Otu00034,glmnet,AUC,100,attrib,OTU,AUC,int,0.8
0.4646551724137931,8.620689655172153e-4,0.7326732673267327,Otu00035,glmnet,AUC,100,attrib,OTU,AUC,int,0.8
0.4652873563218391,2.298850574712352e-4,0.8910891089108911,Otu00036,glmnet,AUC,100,attrib,OTU,AUC,int,0.8
0.4654597701149425,5.747126436783656e-5,0.9405940594059404,Otu00037,glmnet,AUC,100,attrib,OTU,AUC,int,0.8
0.46566091954022987,-1.436781609195359e-4,0.9405940594059404,Otu00038,glmnet,AUC,100,attrib,OTU,AUC,int,0.8
0.4675862068965517,-0.00206896551724139,0.8613861386138614,Otu00039,glmnet,AUC,100,attrib,OTU,AUC,int,0.8
0.46551724137931033,0,1,Otu00040,glmnet,AUC,100,attrib,OTU,AUC,int,0.8
0.4717816091954023,-0.00626436781609196,0.9306930693069309,Otu00041,glmnet,AUC,100,attrib,OTU,AUC,int,0.8
0.48017241379310344,-0.0146551724137931,0.99009900990099,Otu00042,glmnet,AUC,100,attrib,OTU,AUC,int,0.8
0.46272988505747126,0.00278735632183907,0.5445544554455446,Otu00043,glmnet,AUC,100,attrib,OTU,AUC,int,0.8
0.4657758620689655,-2.586206896551535e-4,0.9603960396039604,Otu00044,glmnet,AUC,100,attrib,OTU,AUC,int,0.8
0.46698275862068966,-0.00146551724137933,0.8217821782178217,Otu00045,glmnet,AUC,100,attrib,OTU,AUC,int,0.8
0.4643678160919541,0.00114942528735628,0.7227722772277227,Otu00046,glmnet,AUC,100,attrib,OTU,AUC,int,0.8
0.46402298850574714,0.00149425287356319,0.49504950495049505,Otu00047,glmnet,AUC,100,attrib,OTU,AUC,int,0.8
0.4653735632183908,1.436781609195359e-4,0.9504950495049505,Otu00048,glmnet,AUC,100,attrib,OTU,AUC,int,0.8
0.4649425287356322,5.747126436781436e-4,0.8910891089108911,Otu00049,glmnet,AUC,100,attrib,OTU,AUC,int,0.8
0.4652586206896552,2.586206896551535e-4,0.8415841584158416,Otu00050,glmnet,AUC,100,attrib,OTU,AUC,int,0.8
0.4639080459770115,0.00160919540229881,0.6336633663366337,Otu00051,glmnet,AUC,100,attrib,OTU,AUC,int,0.8
0.46,0.00551724137931031,0.18811881188118812,Otu00052,glmnet,AUC,100,attrib,OTU,AUC,int,0.8
0.46158045977011497,0.00393678160919536,0.5247524752475248,Otu00054,glmnet,AUC,100,attrib,OTU,AUC,int,0.8
0.4648563218390804,6.609195402298984e-4,0.8316831683168316,Otu00055,glmnet,AUC,100,attrib,OTU,AUC,int,0.8
0.4654022988505747,1.149425287356176e-4,0.9306930693069309,Otu00056,glmnet,AUC,100,attrib,OTU,AUC,int,0.8
0.4654885057471264,2.873563218391828e-5,0.9108910891089108,Otu00057,glmnet,AUC,100,attrib,OTU,AUC,int,0.8
0.4654022988505747,1.149425287356176e-4,0.9504950495049505,Otu00058,glmnet,AUC,100,attrib,OTU,AUC,int,0.8
0.4626436781609195,0.00287356321839077,0.0198019801980198,Otu00059,glmnet,AUC,100,attrib,OTU,AUC,int,0.8
0.504367816091954,-0.03885057471264369,0.9108910891089108,Otu00060,glmnet,AUC,100,attrib,OTU,AUC,int,0.8
0.4651724137931034,3.4482758620690834e-4,0.7227722772277227,Otu00061,glmnet,AUC,100,attrib,OTU,AUC,int,0.8
0.4735632183908046,-0.00804597701149428,0.9207920792079208,Otu00062,glmnet,AUC,100,attrib,OTU,AUC,int,0.8
0.4660344827586207,-5.172413793103625e-4,0.9306930693069309,Otu00063,glmnet,AUC,100,attrib,OTU,AUC,int,0.8
0.4657183908045977,-2.0114942528737245e-4,0.7425742574257426,Otu00065,glmnet,AUC,100,attrib,OTU,AUC,int,0.8
0.466867816091954,-0.00135057471264365,0.8514851485148515,Otu00066,glmnet,AUC,100,attrib,OTU,AUC,int,0.8
0.4652586206896552,2.586206896551535e-4,0.8514851485148515,Otu00067,glmnet,AUC,100,attrib,OTU,AUC,int,0.8
0.4654022988505747,1.149425287356176e-4,0.9108910891089108,Otu00072,glmnet,AUC,100,attrib,OTU,AUC,int,0.8
0.4654885057471264,2.873563218391828e-5,0.8316831683168316,Otu00073,glmnet,AUC,100,attrib,OTU,AUC,int,0.8
0.4643678160919541,0.00114942528735628,0.32673267326732675,Otu00074,glmnet,AUC,100,attrib,OTU,AUC,int,0.8
0.4715804597701149,-0.00606321839080459,0.9801980198019802,Otu00075,glmnet,AUC,100,attrib,OTU,AUC,int,0.8
0.4654885057471264,2.873563218391828e-5,0.5544554455445545,Otu00077,glmnet,AUC,100,attrib,OTU,AUC,int,0.8
0.4656034482758621,-8.620689655175484e-5,0.8415841584158416,Otu00078,glmnet,AUC,100,attrib,OTU,AUC,int,0.8
0.4672413793103448,-0.00172413793103448,0.9504950495049505,Otu00079,glmnet,AUC,100,attrib,OTU,AUC,int,0.8
0.46551724137931033,0,0.9504950495049505,Otu00081,glmnet,AUC,100,attrib,OTU,AUC,int,0.8
0.46557471264367817,-5.747126436783656e-5,0.8811881188118812,Otu00082,glmnet,AUC,100,attrib,OTU,AUC,int,0.8
0.462816091954023,0.00270114942528731,0.13861386138613865,Otu00083,glmnet,AUC,100,attrib,OTU,AUC,int,0.8
0.4723275862068965,-0.00681034482758619,0.9504950495049505,Otu00084,glmnet,AUC,100,attrib,OTU,AUC,int,0.8
0.4603735632183908,0.00514367816091954,0.3069306930693069,Otu00086,glmnet,AUC,100,attrib,OTU,AUC,int,0.8
0.46543103448275863,8.620689655169933e-5,0.9702970297029704,Otu00088,glmnet,AUC,100,attrib,OTU,AUC,int,0.8
0.4627586206896552,0.00275862068965515,0.37623762376237624,Otu00090,glmnet,AUC,100,attrib,OTU,AUC,int,0.8
0.4651149425287357,4.022988505746894e-4,0.8415841584158416,Otu00091,glmnet,AUC,100,attrib,OTU,AUC,int,0.8
0.46206896551724136,0.00344827586206897,0.5841584158415841,Otu00092,glmnet,AUC,100,attrib,OTU,AUC,int,0.8
0.4635344827586207,0.00198275862068963,0.46534653465346537,Otu00093,glmnet,AUC,100,attrib,OTU,AUC,int,0.8
0.4608908045977011,0.00462643678160917,0.6138613861386139,Otu00094,glmnet,AUC,100,attrib,OTU,AUC,int,0.8
0.4660344827586207,-5.172413793103625e-4,0.8118811881188119,Otu00095,glmnet,AUC,100,attrib,OTU,AUC,int,0.8
0.4659195402298851,-4.022988505747449e-4,0.9306930693069309,Otu00096,glmnet,AUC,100,attrib,OTU,AUC,int,0.8
0.4637643678160919,0.0017528735632184,0.7425742574257426,Otu00097,glmnet,AUC,100,attrib,OTU,AUC,int,0.8
0.4625574712643678,0.00295977011494252,0.22772277227722773,Otu00098,glmnet,AUC,100,attrib,OTU,AUC,int,0.8
0.4693103448275862,-0.00379310344827588,0.9306930693069309,Otu00099,glmnet,AUC,100,attrib,OTU,AUC,int,0.8
0.46867816091954023,-0.0031609195402299,0.9108910891089108,Otu00101,glmnet,AUC,100,attrib,OTU,AUC,int,0.8
0.4599712643678161,0.00554597701149423,0.26732673267326734,Otu00103,glmnet,AUC,100,attrib,OTU,AUC,int,0.8
0.4644252873563218,0.0010919540229885,0.6336633663366337,Otu00105,glmnet,AUC,100,attrib,OTU,AUC,int,0.8
0.46298850574712647,0.00252873563218386,0.21782178217821785,Otu00106,glmnet,AUC,100,attrib,OTU,AUC,int,0.8
0.490316091954023,-0.02479885057471265,0.9801980198019802,Otu00108,glmnet,AUC,100,attrib,OTU,AUC,int,0.8
0.4667241379310345,-0.00120689655172417,0.8217821782178217,Otu00110,glmnet,AUC,100,attrib,OTU,AUC,int,0.8
0.46543103448275863,8.620689655169933e-5,0.9207920792079208,Otu00111,glmnet,AUC,100,attrib,OTU,AUC,int,0.8
0.4654597701149425,5.747126436783656e-5,0.8910891089108911,Otu00112,glmnet,AUC,100,attrib,OTU,AUC,int,0.8
0.4657183908045977,-2.0114942528737245e-4,0.8712871287128713,Otu00117,glmnet,AUC,100,attrib,OTU,AUC,int,0.8
0.4627873563218391,0.00272988505747123,0.13861386138613865,Otu00119,glmnet,AUC,100,attrib,OTU,AUC,int,0.8
0.4652873563218391,2.298850574712352e-4,0.8712871287128713,Otu00122,glmnet,AUC,100,attrib,OTU,AUC,int,0.8
0.46551724137931033,0,1,Otu00123,glmnet,AUC,100,attrib,OTU,AUC,int,0.8
0.465,5.17241379310307e-4,0.8415841584158416,Otu00124,glmnet,AUC,100,attrib,OTU,AUC,int,0.8
0.4650574712643678,4.597701149425259e-4,0.8118811881188119,Otu00125,glmnet,AUC,100,attrib,OTU,AUC,int,0.8
0.46577586206896554,-2.58620689655209e-4,0.6633663366336634,Otu00127,glmnet,AUC,100,attrib,OTU,AUC,int,0.8
0.4658045977011494,-2.873563218390718e-4,0.9207920792079208,Otu00129,glmnet,AUC,100,attrib,OTU,AUC,int,0.8
0.4678448275862069,-0.00232758620689654,0.8217821782178217,Otu00130,glmnet,AUC,100,attrib,OTU,AUC,int,0.8
0.46531609195402296,2.0114942528737245e-4,0.900990099009901,Otu00131,glmnet,AUC,100,attrib,OTU,AUC,int,0.8
0.46551724137931033,0,1,Otu00133,glmnet,AUC,100,attrib,OTU,AUC,int,0.8
0.4648850574712643,6.321839080459801e-4,0.693069306930693,Otu00134,glmnet,AUC,100,attrib,OTU,AUC,int,0.8
0.4626436781609195,0.00287356321839077,0.07920792079207921,Otu00135,glmnet,AUC,100,attrib,OTU,AUC,int,0.8
0.4668678160919541,-0.00135057471264371,0.19801980198019803,Otu00137,glmnet,AUC,100,attrib,OTU,AUC,int,0.8
0.46554597701149425,-2.873563218391828e-5,0.9702970297029704,Otu00139,glmnet,AUC,100,attrib,OTU,AUC,int,0.8
0.46551724137931033,0,0.9504950495049505,Otu00142,glmnet,AUC,100,attrib,OTU,AUC,int,0.8
0.4654597701149425,5.747126436783656e-5,0.9801980198019802,Otu00144,glmnet,AUC,100,attrib,OTU,AUC,int,0.8
0.4650574712643678,4.597701149425259e-4,0.8712871287128713,Otu00147,glmnet,AUC,100,attrib,OTU,AUC,int,0.8
0.4634195402298851,0.00209770114942525,0.38613861386138615,Otu00148,glmnet,AUC,100,attrib,OTU,AUC,int,0.8
0.4690804597701149,-0.00356321839080459,0.9801980198019802,Otu00151,glmnet,AUC,100,attrib,OTU,AUC,int,0.8
0.4654885057471264,2.873563218391828e-5,0.9108910891089108,Otu00152,glmnet,AUC,100,attrib,OTU,AUC,int,0.8
0.4653448275862069,1.7241379310345417e-4,0.8712871287128713,Otu00155,glmnet,AUC,100,attrib,OTU,AUC,int,0.8
0.4700287356321839,-0.00451149425287356,0.7920792079207921,Otu00160,glmnet,AUC,100,attrib,OTU,AUC,int,0.8
0.4693965517241379,-0.00387931034482758,0.46534653465346537,Otu00165,glmnet,AUC,100,attrib,OTU,AUC,int,0.8
0.46522988505747126,2.873563218390718e-4,0.8613861386138614,Otu00167,glmnet,AUC,100,attrib,OTU,AUC,int,0.8
0.46623563218390807,-7.18390804597735e-4,0.3564356435643564,Otu00170,glmnet,AUC,100,attrib,OTU,AUC,int,0.8
0.4635344827586207,0.00198275862068963,0.46534653465346537,Otu00172,glmnet,AUC,100,attrib,OTU,AUC,int,0.8
0.4620977011494253,0.00341954022988505,0.19801980198019803,Otu00177,glmnet,AUC,100,attrib,OTU,AUC,int,0.8
0.4642528735632184,0.00126436781609196,0.693069306930693,Otu00180,glmnet,AUC,100,attrib,OTU,AUC,int,0.8
0.4652873563218391,2.298850574712352e-4,0.8910891089108911,Otu00184,glmnet,AUC,100,attrib,OTU,AUC,int,0.8
0.46597701149425286,-4.597701149425259e-4,0.8514851485148515,Otu00187,glmnet,AUC,100,attrib,OTU,AUC,int,0.8
0.4635632183908046,0.00195402298850572,0.4257425742574258,Otu00194,glmnet,AUC,100,attrib,OTU,AUC,int,0.8
0.46551724137931033,0,1,Otu00202,glmnet,AUC,100,attrib,OTU,AUC,int,0.8
0.4654885057471264,2.873563218391828e-5,0.9405940594059404,Otu00204,glmnet,AUC,100,attrib,OTU,AUC,int,0.8
0.4626436781609195,0.00287356321839077,0.0297029702970297,Otu00206,glmnet,AUC,100,attrib,OTU,AUC,int,0.8
0.46543103448275863,8.620689655169933e-5,0.9702970297029704,Otu00207,glmnet,AUC,100,attrib,OTU,AUC,int,0.8
0.46045977011494255,0.00505747126436778,0.1188118811881188,Otu00208,glmnet,AUC,100,attrib,OTU,AUC,int,0.8
0.4686494252873563,-0.00313218390804598,0.900990099009901,Otu00210,glmnet,AUC,100,attrib,OTU,AUC,int,0.8
0.4658333333333333,-3.1609195402299006e-4,0.900990099009901,Otu00215,glmnet,AUC,100,attrib,OTU,AUC,int,0.8
0.4663505747126437,-8.333333333333526e-4,0.5841584158415841,Otu00217,glmnet,AUC,100,attrib,OTU,AUC,int,0.8
0.4676724137931034,-0.00215517241379309,0.8118811881188119,Otu00218,glmnet,AUC,100,attrib,OTU,AUC,int,0.8
0.4595689655172414,0.00594827586206891,0.12871287128712872,Otu00224,glmnet,AUC,100,attrib,OTU,AUC,int,0.8
0.4682183908045977,-0.00270114942528737,0.9405940594059404,Otu00227,glmnet,AUC,100,attrib,OTU,AUC,int,0.8
0.4608620689655173,0.00465517241379309,0.12871287128712872,Otu00228,glmnet,AUC,100,attrib,OTU,AUC,int,0.8
0.465632183908046,-1.1494252873567312e-4,0.7425742574257426,Otu00229,glmnet,AUC,100,attrib,OTU,AUC,int,0.8
0.4661206896551724,-6.034482758620618e-4,0.7722772277227723,Otu00231,glmnet,AUC,100,attrib,OTU,AUC,int,0.8
0.46327586206896554,0.00224137931034479,0.4257425742574258,Otu00232,glmnet,AUC,100,attrib,OTU,AUC,int,0.8
0.4633620689655173,0.00215517241379309,0.4257425742574258,Otu00235,glmnet,AUC,100,attrib,OTU,AUC,int,0.8
0.4656034482758621,-8.620689655175484e-5,0.8811881188118812,Otu00242,glmnet,AUC,100,attrib,OTU,AUC,int,0.8
0.46545977011494255,5.747126436778105e-5,0.7227722772277227,Otu00245,glmnet,AUC,100,attrib,OTU,AUC,int,0.8
0.4623563218390805,0.00316091954022984,0.405940594059406,Otu00246,glmnet,AUC,100,attrib,OTU,AUC,int,0.8
0.46293103448275863,0.0025862068965517,0.4752475247524752,Otu00247,glmnet,AUC,100,attrib,OTU,AUC,int,0.8
0.46520114942528734,3.1609195402299006e-4,0.8712871287128713,Otu00252,glmnet,AUC,100,attrib,OTU,AUC,int,0.8
0.4660632183908046,-5.459770114942808e-4,0.8712871287128713,Otu00258,glmnet,AUC,100,attrib,OTU,AUC,int,0.8
0.4649137931034482,6.034482758620618e-4,0.7623762376237624,Otu00267,glmnet,AUC,100,attrib,OTU,AUC,int,0.8
0.4633333333333333,0.00218390804597701,0.38613861386138615,Otu00268,glmnet,AUC,100,attrib,OTU,AUC,int,0.8
0.46551724137931033,0,1,Otu00292,glmnet,AUC,100,attrib,OTU,AUC,int,0.8
0.4647126436781609,8.045977011494343e-4,0.6831683168316832,Otu00298,glmnet,AUC,100,attrib,OTU,AUC,int,0.8
0.4653448275862069,1.7241379310345417e-4,0.900990099009901,Otu00304,glmnet,AUC,100,attrib,OTU,AUC,int,0.8
0.46531609195402296,2.0114942528737245e-4,0.8415841584158416,Otu00313,glmnet,AUC,100,attrib,OTU,AUC,int,0.8
0.46522988505747126,2.873563218390718e-4,0.7227722772277227,Otu00321,glmnet,AUC,100,attrib,OTU,AUC,int,0.8
0.4650862068965517,4.310344827586077e-4,0.7920792079207921,Otu00324,glmnet,AUC,100,attrib,OTU,AUC,int,0.8
0.4642528735632184,0.00126436781609196,0.7326732673267327,Otu00331,glmnet,AUC,100,attrib,OTU,AUC,int,0.8
0.477183908045977,-0.01166666666666665,0.7920792079207921,Otu00334,glmnet,AUC,100,attrib,OTU,AUC,int,0.8
0.47477011494252874,-0.00925287356321841,0.9504950495049505,Otu00346,glmnet,AUC,100,attrib,OTU,AUC,int,0.8
0.4649137931034482,6.034482758620618e-4,0.7029702970297029,Otu00355,glmnet,AUC,100,attrib,OTU,AUC,int,0.8
0.4654885057471264,2.873563218391828e-5,0.9801980198019802,Otu00373,glmnet,AUC,100,attrib,OTU,AUC,int,0.8
0.25810344827586207,0.20741379310344824,0.0297029702970297,Otu00375,glmnet,AUC,100,attrib,OTU,AUC,int,0.8
0.4622413793103448,0.00327586206896551,0.38613861386138615,Otu00376,glmnet,AUC,100,attrib,OTU,AUC,int,0.8
0.4631896551724138,0.00232758620689654,0.7425742574257426,Otu00394,glmnet,AUC,100,attrib,OTU,AUC,int,0.8
0.4674425287356322,-0.00192528735632185,0.900990099009901,Otu00402,glmnet,AUC,100,attrib,OTU,AUC,int,0.8
0.4666954022988506,-0.00117816091954026,0.8910891089108911,Otu00432,glmnet,AUC,100,attrib,OTU,AUC,int,0.8
0.46551724137931033,0,1,Otu00464,glmnet,AUC,100,attrib,OTU,AUC,int,0.8
0.4872988505747126,-0.02178160919540234,0.693069306930693,Otu00487,glmnet,AUC,100,attrib,OTU,AUC,int,0.8
0.4649137931034482,6.034482758620618e-4,0.6138613861386139,Otu00522,glmnet,AUC,100,attrib,OTU,AUC,int,0.8
0.46551724137931033,0,1,Otu00540,glmnet,AUC,100,attrib,OTU,AUC,int,0.8
0.4595114942528736,0.00600574712643675,0.22772277227722773,Otu00578,glmnet,AUC,100,attrib,OTU,AUC,int,0.8
0.4647126436781609,8.045977011494343e-4,0.6633663366336634,Otu00600,glmnet,AUC,100,attrib,OTU,AUC,int,0.8
0.4593390804597701,0.00617816091954021,0.405940594059406,Otu00681,glmnet,AUC,100,attrib,OTU,AUC,int,0.8
0.4604022988505747,0.00511494252873562,0.32673267326732675,Otu00692,glmnet,AUC,100,attrib,OTU,AUC,int,0.8
0.4596551724137931,0.00586206896551722,0.6831683168316832,Otu00706,glmnet,AUC,100,attrib,OTU,AUC,int,0.8
0.46545977011494255,5.747126436778105e-5,0.8613861386138614,Otu00724,glmnet,AUC,100,attrib,OTU,AUC,int,0.8
0.4462931034482759,0.01922413793103444,0.31683168316831684,Otu00727,glmnet,AUC,100,attrib,OTU,AUC,int,0.8
0.465,5.17241379310307e-4,0.6534653465346535,Otu00763,glmnet,AUC,100,attrib,OTU,AUC,int,0.8
0.4654597701149425,5.747126436783656e-5,0.9504950495049505,Otu00878,glmnet,AUC,100,attrib,OTU,AUC,int,0.8
0.4628735632183908,0.00264367816091953,0.4356435643564357,Otu00883,glmnet,AUC,100,attrib,OTU,AUC,int,0.8
0.4726149425287357,-0.00709770114942531,0.8811881188118812,Otu00932,glmnet,AUC,100,attrib,OTU,AUC,int,0.8
0.4654597701149425,5.747126436783656e-5,0.9801980198019802,Otu00950,glmnet,AUC,100,attrib,OTU,AUC,int,0.8
0.4652586206896552,2.586206896551535e-4,0.8910891089108911,Otu01004,glmnet,AUC,100,attrib,OTU,AUC,int,0.8
0.467816091954023,-0.00229885057471268,0.27722772277227725,Otu01084,glmnet,AUC,100,attrib,OTU,AUC,int,0.8
