Query_12385,NC_009089.1,99.603,252,1,0,1,252,11309,11560,1.12e-128,460
Query_12385,NC_009089.1,99.603,252,1,0,1,252,25764,26015,1.12e-128,460
Query_12385,NC_009089.1,99.603,252,1,0,1,252,124649,124900,1.12e-128,460
Query_12385,NC_009089.1,99.603,252,1,0,1,252,131596,131847,1.12e-128,460
Query_12385,NC_009089.1,99.603,252,1,0,1,252,142206,142457,1.12e-128,460
Query_12385,NC_009089.1,99.603,252,1,0,1,252,147661,147912,1.12e-128,460
Query_12385,NC_009089.1,99.603,252,1,0,1,252,377836,378087,1.12e-128,460
Query_12385,NC_009089.1,99.603,252,1,0,1,252,1209710,1209961,1.12e-128,460
Query_12385,NC_009089.1,99.603,252,1,0,1,252,3153575,3153324,1.12e-128,460
Query_12385,NC_009089.1,99.603,252,1,0,1,252,4008700,4008449,1.12e-128,460
Query_12385,NC_009089.1,99.603,252,1,0,1,252,4151406,4151155,1.12e-128,460
Query_12385,NC_009089.1,98.819,254,1,2,10082,10335,11309,11560,6.73e-126,451
Query_12385,NC_009089.1,98.819,254,1,2,10082,10335,25764,26015,6.73e-126,451
Query_12385,NC_009089.1,98.819,254,1,2,10082,10335,124649,124900,6.73e-126,451
Query_12385,NC_009089.1,98.819,254,1,2,10082,10335,131596,131847,6.73e-126,451
Query_12385,NC_009089.1,98.819,254,1,2,10082,10335,142206,142457,6.73e-126,451
Query_12385,NC_009089.1,98.819,254,1,2,10082,10335,147661,147912,6.73e-126,451
Query_12385,NC_009089.1,98.819,254,1,2,10082,10335,377836,378087,6.73e-126,451
Query_12385,NC_009089.1,98.819,254,1,2,10082,10335,1209710,1209961,6.73e-126,451
Query_12385,NC_009089.1,98.819,254,1,2,10082,10335,3153575,3153324,6.73e-126,451
Query_12385,NC_009089.1,98.819,254,1,2,10082,10335,4008700,4008449,6.73e-126,451
Query_12385,NC_009089.1,98.819,254,1,2,10082,10335,4151406,4151155,6.73e-126,451
Query_12385,NC_009089.1,98.819,254,0,3,7309,7561,11309,11560,2.42e-125,449
Query_12385,NC_009089.1,98.819,254,0,3,7309,7561,25764,26015,2.42e-125,449
Query_12385,NC_009089.1,98.819,254,0,3,7309,7561,124649,124900,2.42e-125,449
Query_12385,NC_009089.1,98.819,254,0,3,7309,7561,131596,131847,2.42e-125,449
Query_12385,NC_009089.1,98.819,254,0,3,7309,7561,142206,142457,2.42e-125,449
Query_12385,NC_009089.1,98.819,254,0,3,7309,7561,147661,147912,2.42e-125,449
Query_12385,NC_009089.1,98.819,254,0,3,7309,7561,377836,378087,2.42e-125,449
Query_12385,NC_009089.1,98.819,254,0,3,7309,7561,1209710,1209961,2.42e-125,449
Query_12385,NC_009089.1,98.819,254,0,3,7309,7561,3153575,3153324,2.42e-125,449
Query_12385,NC_009089.1,98.819,254,0,3,7309,7561,4008700,4008449,2.42e-125,449
Query_12385,NC_009089.1,98.819,254,0,3,7309,7561,4151406,4151155,2.42e-125,449
Query_12385,NC_009089.1,98.016,252,5,0,757,1008,11309,11560,5.24e-122,438
Query_12385,NC_009089.1,98.016,252,5,0,1261,1512,11309,11560,5.24e-122,438
Query_12385,NC_009089.1,98.016,252,5,0,1765,2016,11309,11560,5.24e-122,438
Query_12385,NC_009089.1,98.016,252,5,0,3277,3528,11309,11560,5.24e-122,438
Query_12385,NC_009089.1,98.016,252,5,0,4789,5040,11309,11560,5.24e-122,438
Query_12385,NC_009089.1,98.016,252,5,0,8318,8569,11309,11560,5.24e-122,438
Query_12385,NC_009089.1,98.031,254,1,4,8822,9073,11309,11560,5.24e-122,438
Query_12385,NC_009089.1,98.016,252,5,0,757,1008,25764,26015,5.24e-122,438
Query_12385,NC_009089.1,98.016,252,5,0,1261,1512,25764,26015,5.24e-122,438
Query_12385,NC_009089.1,98.016,252,5,0,1765,2016,25764,26015,5.24e-122,438
Query_12385,NC_009089.1,98.016,252,5,0,3277,3528,25764,26015,5.24e-122,438
Query_12385,NC_009089.1,98.016,252,5,0,4789,5040,25764,26015,5.24e-122,438
Query_12385,NC_009089.1,98.016,252,5,0,8318,8569,25764,26015,5.24e-122,438
Query_12385,NC_009089.1,98.031,254,1,4,8822,9073,25764,26015,5.24e-122,438
Query_12385,NC_009089.1,98.016,252,5,0,757,1008,124649,124900,5.24e-122,438
Query_12385,NC_009089.1,98.016,252,5,0,1261,1512,124649,124900,5.24e-122,438
Query_12385,NC_009089.1,98.016,252,5,0,1765,2016,124649,124900,5.24e-122,438
Query_12385,NC_009089.1,98.016,252,5,0,3277,3528,124649,124900,5.24e-122,438
Query_12385,NC_009089.1,98.016,252,5,0,4789,5040,124649,124900,5.24e-122,438
Query_12385,NC_009089.1,98.016,252,5,0,8318,8569,124649,124900,5.24e-122,438
Query_12385,NC_009089.1,98.031,254,1,4,8822,9073,124649,124900,5.24e-122,438
Query_12385,NC_009089.1,98.016,252,5,0,757,1008,131596,131847,5.24e-122,438
Query_12385,NC_009089.1,98.016,252,5,0,1261,1512,131596,131847,5.24e-122,438
Query_12385,NC_009089.1,98.016,252,5,0,1765,2016,131596,131847,5.24e-122,438
Query_12385,NC_009089.1,98.016,252,5,0,3277,3528,131596,131847,5.24e-122,438
Query_12385,NC_009089.1,98.016,252,5,0,4789,5040,131596,131847,5.24e-122,438
Query_12385,NC_009089.1,98.016,252,5,0,8318,8569,131596,131847,5.24e-122,438
Query_12385,NC_009089.1,98.031,254,1,4,8822,9073,131596,131847,5.24e-122,438
Query_12385,NC_009089.1,98.016,252,5,0,757,1008,142206,142457,5.24e-122,438
Query_12385,NC_009089.1,98.016,252,5,0,1261,1512,142206,142457,5.24e-122,438
Query_12385,NC_009089.1,98.016,252,5,0,1765,2016,142206,142457,5.24e-122,438
Query_12385,NC_009089.1,98.016,252,5,0,3277,3528,142206,142457,5.24e-122,438
Query_12385,NC_009089.1,98.016,252,5,0,4789,5040,142206,142457,5.24e-122,438
Query_12385,NC_009089.1,98.016,252,5,0,8318,8569,142206,142457,5.24e-122,438
Query_12385,NC_009089.1,98.031,254,1,4,8822,9073,142206,142457,5.24e-122,438
Query_12385,NC_009089.1,98.016,252,5,0,757,1008,147661,147912,5.24e-122,438
Query_12385,NC_009089.1,98.016,252,5,0,1261,1512,147661,147912,5.24e-122,438
Query_12385,NC_009089.1,98.016,252,5,0,1765,2016,147661,147912,5.24e-122,438
Query_12385,NC_009089.1,98.016,252,5,0,3277,3528,147661,147912,5.24e-122,438
Query_12385,NC_009089.1,98.016,252,5,0,4789,5040,147661,147912,5.24e-122,438
Query_12385,NC_009089.1,98.016,252,5,0,8318,8569,147661,147912,5.24e-122,438
Query_12385,NC_009089.1,98.031,254,1,4,8822,9073,147661,147912,5.24e-122,438
Query_12385,NC_009089.1,98.016,252,5,0,757,1008,377836,378087,5.24e-122,438
Query_12385,NC_009089.1,98.016,252,5,0,1261,1512,377836,378087,5.24e-122,438
Query_12385,NC_009089.1,98.016,252,5,0,1765,2016,377836,378087,5.24e-122,438
Query_12385,NC_009089.1,98.016,252,5,0,3277,3528,377836,378087,5.24e-122,438
Query_12385,NC_009089.1,98.016,252,5,0,4789,5040,377836,378087,5.24e-122,438
Query_12385,NC_009089.1,98.016,252,5,0,8318,8569,377836,378087,5.24e-122,438
Query_12385,NC_009089.1,98.031,254,1,4,8822,9073,377836,378087,5.24e-122,438
Query_12385,NC_009089.1,98.016,252,5,0,757,1008,1209710,1209961,5.24e-122,438
Query_12385,NC_009089.1,98.016,252,5,0,1261,1512,1209710,1209961,5.24e-122,438
Query_12385,NC_009089.1,98.016,252,5,0,1765,2016,1209710,1209961,5.24e-122,438
Query_12385,NC_009089.1,98.016,252,5,0,3277,3528,1209710,1209961,5.24e-122,438
Query_12385,NC_009089.1,98.016,252,5,0,4789,5040,1209710,1209961,5.24e-122,438
Query_12385,NC_009089.1,98.016,252,5,0,8318,8569,1209710,1209961,5.24e-122,438
Query_12385,NC_009089.1,98.031,254,1,4,8822,9073,1209710,1209961,5.24e-122,438
Query_12385,NC_009089.1,98.031,254,1,4,8822,9073,3153575,3153324,5.24e-122,438
Query_12385,NC_009089.1,98.016,252,5,0,8318,8569,3153575,3153324,5.24e-122,438
Query_12385,NC_009089.1,98.016,252,5,0,4789,5040,3153575,3153324,5.24e-122,438
Query_12385,NC_009089.1,98.016,252,5,0,3277,3528,3153575,3153324,5.24e-122,438
Query_12385,NC_009089.1,98.016,252,5,0,1765,2016,3153575,3153324,5.24e-122,438
Query_12385,NC_009089.1,98.016,252,5,0,1261,1512,3153575,3153324,5.24e-122,438
Query_12385,NC_009089.1,98.016,252,5,0,757,1008,3153575,3153324,5.24e-122,438
Query_12385,NC_009089.1,98.031,254,1,4,8822,9073,4008700,4008449,5.24e-122,438
Query_12385,NC_009089.1,98.016,252,5,0,8318,8569,4008700,4008449,5.24e-122,438
Query_12385,NC_009089.1,98.016,252,5,0,4789,5040,4008700,4008449,5.24e-122,438
Query_12385,NC_009089.1,98.016,252,5,0,3277,3528,4008700,4008449,5.24e-122,438
Query_12385,NC_009089.1,98.016,252,5,0,1765,2016,4008700,4008449,5.24e-122,438
Query_12385,NC_009089.1,98.016,252,5,0,1261,1512,4008700,4008449,5.24e-122,438
Query_12385,NC_009089.1,98.016,252,5,0,757,1008,4008700,4008449,5.24e-122,438
Query_12385,NC_009089.1,98.031,254,1,4,8822,9073,4151406,4151155,5.24e-122,438
Query_12385,NC_009089.1,98.016,252,5,0,8318,8569,4151406,4151155,5.24e-122,438
Query_12385,NC_009089.1,98.016,252,5,0,4789,5040,4151406,4151155,5.24e-122,438
Query_12385,NC_009089.1,98.016,252,5,0,3277,3528,4151406,4151155,5.24e-122,438
Query_12385,NC_009089.1,98.016,252,5,0,1765,2016,4151406,4151155,5.24e-122,438
Query_12385,NC_009089.1,98.016,252,5,0,1261,1512,4151406,4151155,5.24e-122,438
Query_12385,NC_009089.1,98.016,252,5,0,757,1008,4151406,4151155,5.24e-122,438
Query_12385,NC_009089.1,99.582,239,1,0,2534,2772,11322,11560,1.88e-121,436
Query_12385,NC_009089.1,99.582,239,1,0,2534,2772,25777,26015,1.88e-121,436
Query_12385,NC_009089.1,99.582,239,1,0,2534,2772,124662,124900,1.88e-121,436
Query_12385,NC_009089.1,99.582,239,1,0,2534,2772,131609,131847,1.88e-121,436
Query_12385,NC_009089.1,99.582,239,1,0,2534,2772,142219,142457,1.88e-121,436
Query_12385,NC_009089.1,99.582,239,1,0,2534,2772,147674,147912,1.88e-121,436
Query_12385,NC_009089.1,99.582,239,1,0,2534,2772,377849,378087,1.88e-121,436
Query_12385,NC_009089.1,99.582,239,1,0,2534,2772,1209723,1209961,1.88e-121,436
Query_12385,NC_009089.1,99.582,239,1,0,2534,2772,3153562,3153324,1.88e-121,436
Query_12385,NC_009089.1,99.582,239,1,0,2534,2772,4008687,4008449,1.88e-121,436
Query_12385,NC_009089.1,99.582,239,1,0,2534,2772,4151393,4151155,1.88e-121,436
Query_12385,NC_009089.1,97.619,252,6,0,505,756,11309,11560,2.44e-120,433
Query_12385,NC_009089.1,97.619,252,6,0,2017,2268,11309,11560,2.44e-120,433
Query_12385,NC_009089.1,97.619,252,6,0,5545,5796,11309,11560,2.44e-120,433
Query_12385,NC_009089.1,97.619,252,6,0,9074,9325,11309,11560,2.44e-120,433
Query_12385,NC_009089.1,97.992,249,5,0,1513,1761,11309,11557,2.44e-120,433
Query_12385,NC_009089.1,97.619,252,6,0,505,756,25764,26015,2.44e-120,433
Query_12385,NC_009089.1,97.619,252,6,0,2017,2268,25764,26015,2.44e-120,433
Query_12385,NC_009089.1,97.619,252,6,0,5545,5796,25764,26015,2.44e-120,433
Query_12385,NC_009089.1,97.619,252,6,0,9074,9325,25764,26015,2.44e-120,433
Query_12385,NC_009089.1,97.992,249,5,0,1513,1761,25764,26012,2.44e-120,433
Query_12385,NC_009089.1,97.619,252,6,0,505,756,124649,124900,2.44e-120,433
Query_12385,NC_009089.1,97.619,252,6,0,2017,2268,124649,124900,2.44e-120,433
Query_12385,NC_009089.1,97.619,252,6,0,5545,5796,124649,124900,2.44e-120,433
Query_12385,NC_009089.1,97.619,252,6,0,9074,9325,124649,124900,2.44e-120,433
Query_12385,NC_009089.1,97.992,249,5,0,1513,1761,124649,124897,2.44e-120,433
Query_12385,NC_009089.1,97.619,252,6,0,505,756,131596,131847,2.44e-120,433
Query_12385,NC_009089.1,97.619,252,6,0,2017,2268,131596,131847,2.44e-120,433
Query_12385,NC_009089.1,97.619,252,6,0,5545,5796,131596,131847,2.44e-120,433
Query_12385,NC_009089.1,97.619,252,6,0,9074,9325,131596,131847,2.44e-120,433
Query_12385,NC_009089.1,97.992,249,5,0,1513,1761,131596,131844,2.44e-120,433
Query_12385,NC_009089.1,97.619,252,6,0,505,756,142206,142457,2.44e-120,433
Query_12385,NC_009089.1,97.619,252,6,0,2017,2268,142206,142457,2.44e-120,433
Query_12385,NC_009089.1,97.619,252,6,0,5545,5796,142206,142457,2.44e-120,433
Query_12385,NC_009089.1,97.619,252,6,0,9074,9325,142206,142457,2.44e-120,433
Query_12385,NC_009089.1,97.992,249,5,0,1513,1761,142206,142454,2.44e-120,433
Query_12385,NC_009089.1,97.619,252,6,0,505,756,147661,147912,2.44e-120,433
Query_12385,NC_009089.1,97.619,252,6,0,2017,2268,147661,147912,2.44e-120,433
Query_12385,NC_009089.1,97.619,252,6,0,5545,5796,147661,147912,2.44e-120,433
Query_12385,NC_009089.1,97.619,252,6,0,9074,9325,147661,147912,2.44e-120,433
Query_12385,NC_009089.1,97.992,249,5,0,1513,1761,147661,147909,2.44e-120,433
Query_12385,NC_009089.1,97.619,252,6,0,505,756,377836,378087,2.44e-120,433
Query_12385,NC_009089.1,97.619,252,6,0,2017,2268,377836,378087,2.44e-120,433
Query_12385,NC_009089.1,97.619,252,6,0,5545,5796,377836,378087,2.44e-120,433
Query_12385,NC_009089.1,97.619,252,6,0,9074,9325,377836,378087,2.44e-120,433
Query_12385,NC_009089.1,97.992,249,5,0,1513,1761,377836,378084,2.44e-120,433
Query_12385,NC_009089.1,97.619,252,6,0,505,756,1209710,1209961,2.44e-120,433
Query_12385,NC_009089.1,97.619,252,6,0,2017,2268,1209710,1209961,2.44e-120,433
Query_12385,NC_009089.1,97.619,252,6,0,5545,5796,1209710,1209961,2.44e-120,433
Query_12385,NC_009089.1,97.619,252,6,0,9074,9325,1209710,1209961,2.44e-120,433
Query_12385,NC_009089.1,97.992,249,5,0,1513,1761,1209710,1209958,2.44e-120,433
Query_12385,NC_009089.1,97.619,252,6,0,9074,9325,3153575,3153324,2.44e-120,433
Query_12385,NC_009089.1,97.619,252,6,0,5545,5796,3153575,3153324,2.44e-120,433
Query_12385,NC_009089.1,97.619,252,6,0,2017,2268,3153575,3153324,2.44e-120,433
Query_12385,NC_009089.1,97.619,252,6,0,1513,1764,3153575,3153324,2.44e-120,433
Query_12385,NC_009089.1,97.619,252,6,0,505,756,3153575,3153324,2.44e-120,433
Query_12385,NC_009089.1,97.619,252,6,0,9074,9325,4008700,4008449,2.44e-120,433
Query_12385,NC_009089.1,97.619,252,6,0,5545,5796,4008700,4008449,2.44e-120,433
Query_12385,NC_009089.1,97.619,252,6,0,2017,2268,4008700,4008449,2.44e-120,433
Query_12385,NC_009089.1,97.619,252,6,0,1513,1764,4008700,4008449,2.44e-120,433
Query_12385,NC_009089.1,97.619,252,6,0,505,756,4008700,4008449,2.44e-120,433
Query_12385,NC_009089.1,97.619,252,6,0,9074,9325,4151406,4151155,2.44e-120,433
Query_12385,NC_009089.1,97.619,252,6,0,5545,5796,4151406,4151155,2.44e-120,433
Query_12385,NC_009089.1,97.619,252,6,0,2017,2268,4151406,4151155,2.44e-120,433
Query_12385,NC_009089.1,97.619,252,6,0,1513,1764,4151406,4151155,2.44e-120,433
Query_12385,NC_009089.1,97.619,252,6,0,505,756,4151406,4151155,2.44e-120,433
Query_12385,NC_009089.1,99.163,239,2,0,1022,1260,11322,11560,8.77e-120,431
Query_12385,NC_009089.1,99.163,239,2,0,1022,1260,25777,26015,8.77e-120,431
Query_12385,NC_009089.1,99.163,239,2,0,1022,1260,124662,124900,8.77e-120,431
Query_12385,NC_009089.1,99.163,239,2,0,1022,1260,131609,131847,8.77e-120,431
Query_12385,NC_009089.1,99.163,239,2,0,1022,1260,142219,142457,8.77e-120,431
Query_12385,NC_009089.1,99.163,239,2,0,1022,1260,147674,147912,8.77e-120,431
Query_12385,NC_009089.1,99.163,239,2,0,1022,1260,377849,378087,8.77e-120,431
Query_12385,NC_009089.1,99.163,239,2,0,1022,1260,1209723,1209961,8.77e-120,431
Query_12385,NC_009089.1,99.163,239,2,0,1022,1260,3153562,3153324,8.77e-120,431
Query_12385,NC_009089.1,99.163,239,2,0,1022,1260,4008687,4008449,8.77e-120,431
Query_12385,NC_009089.1,99.163,239,2,0,1022,1260,4151393,4151155,8.77e-120,431
Query_12385,NC_009089.1,97.222,252,7,0,2269,2520,11309,11560,1.13e-118,427
Query_12385,NC_009089.1,97.222,252,7,0,4033,4284,11309,11560,1.13e-118,427
Query_12385,NC_009089.1,97.222,252,7,0,6049,6300,11309,11560,1.13e-118,427
Query_12385,NC_009089.1,97.222,252,7,0,2269,2520,25764,26015,1.13e-118,427
Query_12385,NC_009089.1,97.222,252,7,0,4033,4284,25764,26015,1.13e-118,427
Query_12385,NC_009089.1,97.222,252,7,0,6049,6300,25764,26015,1.13e-118,427
Query_12385,NC_009089.1,97.222,252,7,0,2269,2520,124649,124900,1.13e-118,427
Query_12385,NC_009089.1,97.222,252,7,0,4033,4284,124649,124900,1.13e-118,427
Query_12385,NC_009089.1,97.222,252,7,0,6049,6300,124649,124900,1.13e-118,427
Query_12385,NC_009089.1,97.222,252,7,0,2269,2520,131596,131847,1.13e-118,427
Query_12385,NC_009089.1,97.222,252,7,0,4033,4284,131596,131847,1.13e-118,427
Query_12385,NC_009089.1,97.222,252,7,0,6049,6300,131596,131847,1.13e-118,427
Query_12385,NC_009089.1,97.222,252,7,0,2269,2520,142206,142457,1.13e-118,427
Query_12385,NC_009089.1,97.222,252,7,0,4033,4284,142206,142457,1.13e-118,427
Query_12385,NC_009089.1,97.222,252,7,0,6049,6300,142206,142457,1.13e-118,427
Query_12385,NC_009089.1,97.222,252,7,0,2269,2520,147661,147912,1.13e-118,427
Query_12385,NC_009089.1,97.222,252,7,0,4033,4284,147661,147912,1.13e-118,427
Query_12385,NC_009089.1,97.222,252,7,0,6049,6300,147661,147912,1.13e-118,427
Query_12385,NC_009089.1,97.222,252,7,0,2269,2520,377836,378087,1.13e-118,427
Query_12385,NC_009089.1,97.222,252,7,0,4033,4284,377836,378087,1.13e-118,427
Query_12385,NC_009089.1,97.222,252,7,0,6049,6300,377836,378087,1.13e-118,427
Query_12385,NC_009089.1,97.222,252,7,0,2269,2520,1209710,1209961,1.13e-118,427
Query_12385,NC_009089.1,97.222,252,7,0,4033,4284,1209710,1209961,1.13e-118,427
Query_12385,NC_009089.1,97.222,252,7,0,6049,6300,1209710,1209961,1.13e-118,427
Query_12385,NC_009089.1,97.222,252,7,0,6049,6300,3153575,3153324,1.13e-118,427
Query_12385,NC_009089.1,97.222,252,7,0,4033,4284,3153575,3153324,1.13e-118,427
Query_12385,NC_009089.1,97.222,252,7,0,2269,2520,3153575,3153324,1.13e-118,427
Query_12385,NC_009089.1,97.222,252,7,0,6049,6300,4008700,4008449,1.13e-118,427
Query_12385,NC_009089.1,97.222,252,7,0,4033,4284,4008700,4008449,1.13e-118,427
Query_12385,NC_009089.1,97.222,252,7,0,2269,2520,4008700,4008449,1.13e-118,427
Query_12385,NC_009089.1,97.222,252,7,0,6049,6300,4151406,4151155,1.13e-118,427
Query_12385,NC_009089.1,97.222,252,7,0,4033,4284,4151406,4151155,1.13e-118,427
Query_12385,NC_009089.1,97.222,252,7,0,2269,2520,4151406,4151155,1.13e-118,427
Query_12385,NC_009089.1,96.825,252,8,0,3529,3780,11309,11560,5.28e-117,422
Query_12385,NC_009089.1,96.825,252,8,0,4537,4788,11309,11560,5.28e-117,422
Query_12385,NC_009089.1,96.825,252,8,0,6805,7056,11309,11560,5.28e-117,422
Query_12385,NC_009089.1,96.825,252,8,0,8570,8821,11309,11560,5.28e-117,422
Query_12385,NC_009089.1,96.825,252,8,0,3529,3780,25764,26015,5.28e-117,422
Query_12385,NC_009089.1,96.825,252,8,0,4537,4788,25764,26015,5.28e-117,422
Query_12385,NC_009089.1,96.825,252,8,0,6805,7056,25764,26015,5.28e-117,422
Query_12385,NC_009089.1,96.825,252,8,0,8570,8821,25764,26015,5.28e-117,422
Query_12385,NC_009089.1,96.825,252,8,0,3529,3780,124649,124900,5.28e-117,422
Query_12385,NC_009089.1,96.825,252,8,0,4537,4788,124649,124900,5.28e-117,422
Query_12385,NC_009089.1,96.825,252,8,0,6805,7056,124649,124900,5.28e-117,422
Query_12385,NC_009089.1,96.825,252,8,0,8570,8821,124649,124900,5.28e-117,422
Query_12385,NC_009089.1,96.825,252,8,0,3529,3780,131596,131847,5.28e-117,422
Query_12385,NC_009089.1,96.825,252,8,0,4537,4788,131596,131847,5.28e-117,422
Query_12385,NC_009089.1,96.825,252,8,0,6805,7056,131596,131847,5.28e-117,422
Query_12385,NC_009089.1,96.825,252,8,0,8570,8821,131596,131847,5.28e-117,422
Query_12385,NC_009089.1,96.825,252,8,0,3529,3780,142206,142457,5.28e-117,422
Query_12385,NC_009089.1,96.825,252,8,0,4537,4788,142206,142457,5.28e-117,422
Query_12385,NC_009089.1,96.825,252,8,0,6805,7056,142206,142457,5.28e-117,422
Query_12385,NC_009089.1,96.825,252,8,0,8570,8821,142206,142457,5.28e-117,422
Query_12385,NC_009089.1,96.825,252,8,0,3529,3780,147661,147912,5.28e-117,422
Query_12385,NC_009089.1,96.825,252,8,0,4537,4788,147661,147912,5.28e-117,422
Query_12385,NC_009089.1,96.825,252,8,0,6805,7056,147661,147912,5.28e-117,422
Query_12385,NC_009089.1,96.825,252,8,0,8570,8821,147661,147912,5.28e-117,422
Query_12385,NC_009089.1,96.825,252,8,0,3529,3780,377836,378087,5.28e-117,422
Query_12385,NC_009089.1,96.825,252,8,0,4537,4788,377836,378087,5.28e-117,422
Query_12385,NC_009089.1,96.825,252,8,0,6805,7056,377836,378087,5.28e-117,422
Query_12385,NC_009089.1,96.825,252,8,0,8570,8821,377836,378087,5.28e-117,422
Query_12385,NC_009089.1,96.825,252,8,0,3529,3780,1209710,1209961,5.28e-117,422
Query_12385,NC_009089.1,96.825,252,8,0,4537,4788,1209710,1209961,5.28e-117,422
Query_12385,NC_009089.1,96.825,252,8,0,6805,7056,1209710,1209961,5.28e-117,422
Query_12385,NC_009089.1,96.825,252,8,0,8570,8821,1209710,1209961,5.28e-117,422
Query_12385,NC_009089.1,96.825,252,8,0,8570,8821,3153575,3153324,5.28e-117,422
Query_12385,NC_009089.1,96.825,252,8,0,6805,7056,3153575,3153324,5.28e-117,422
Query_12385,NC_009089.1,96.825,252,8,0,4537,4788,3153575,3153324,5.28e-117,422
Query_12385,NC_009089.1,96.825,252,8,0,3529,3780,3153575,3153324,5.28e-117,422
Query_12385,NC_009089.1,96.825,252,8,0,8570,8821,4008700,4008449,5.28e-117,422
Query_12385,NC_009089.1,96.825,252,8,0,6805,7056,4008700,4008449,5.28e-117,422
Query_12385,NC_009089.1,96.825,252,8,0,4537,4788,4008700,4008449,5.28e-117,422
Query_12385,NC_009089.1,96.825,252,8,0,3529,3780,4008700,4008449,5.28e-117,422
Query_12385,NC_009089.1,96.825,252,8,0,8570,8821,4151406,4151155,5.28e-117,422
Query_12385,NC_009089.1,96.825,252,8,0,6805,7056,4151406,4151155,5.28e-117,422
Query_12385,NC_009089.1,96.825,252,8,0,4537,4788,4151406,4151155,5.28e-117,422
Query_12385,NC_009089.1,96.825,252,8,0,3529,3780,4151406,4151155,5.28e-117,422
Query_12385,NC_009089.1,96.429,252,9,0,5797,6048,11309,11560,2.45e-115,416
Query_12385,NC_009089.1,96.429,252,9,0,6301,6552,11309,11560,2.45e-115,416
Query_12385,NC_009089.1,96.429,252,9,0,12857,13108,11309,11560,2.45e-115,416
Query_12385,NC_009089.1,96.429,252,9,0,5797,6048,25764,26015,2.45e-115,416
Query_12385,NC_009089.1,96.429,252,9,0,6301,6552,25764,26015,2.45e-115,416
Query_12385,NC_009089.1,96.429,252,9,0,12857,13108,25764,26015,2.45e-115,416
Query_12385,NC_009089.1,96.429,252,9,0,5797,6048,124649,124900,2.45e-115,416
Query_12385,NC_009089.1,96.429,252,9,0,6301,6552,124649,124900,2.45e-115,416
Query_12385,NC_009089.1,96.429,252,9,0,12857,13108,124649,124900,2.45e-115,416
Query_12385,NC_009089.1,96.429,252,9,0,5797,6048,131596,131847,2.45e-115,416
Query_12385,NC_009089.1,96.429,252,9,0,6301,6552,131596,131847,2.45e-115,416
Query_12385,NC_009089.1,96.429,252,9,0,12857,13108,131596,131847,2.45e-115,416
Query_12385,NC_009089.1,96.429,252,9,0,5797,6048,142206,142457,2.45e-115,416
Query_12385,NC_009089.1,96.429,252,9,0,6301,6552,142206,142457,2.45e-115,416
Query_12385,NC_009089.1,96.429,252,9,0,12857,13108,142206,142457,2.45e-115,416
Query_12385,NC_009089.1,96.429,252,9,0,5797,6048,147661,147912,2.45e-115,416
Query_12385,NC_009089.1,96.429,252,9,0,6301,6552,147661,147912,2.45e-115,416
Query_12385,NC_009089.1,96.429,252,9,0,12857,13108,147661,147912,2.45e-115,416
Query_12385,NC_009089.1,96.429,252,9,0,5797,6048,377836,378087,2.45e-115,416
Query_12385,NC_009089.1,96.429,252,9,0,6301,6552,377836,378087,2.45e-115,416
Query_12385,NC_009089.1,96.429,252,9,0,12857,13108,377836,378087,2.45e-115,416
Query_12385,NC_009089.1,96.429,252,9,0,5797,6048,1209710,1209961,2.45e-115,416
Query_12385,NC_009089.1,96.429,252,9,0,6301,6552,1209710,1209961,2.45e-115,416
Query_12385,NC_009089.1,96.429,252,9,0,12857,13108,1209710,1209961,2.45e-115,416
Query_12385,NC_009089.1,96.429,252,9,0,12857,13108,3153575,3153324,2.45e-115,416
Query_12385,NC_009089.1,96.429,252,9,0,6301,6552,3153575,3153324,2.45e-115,416
Query_12385,NC_009089.1,96.429,252,9,0,5797,6048,3153575,3153324,2.45e-115,416
Query_12385,NC_009089.1,96.429,252,9,0,12857,13108,4008700,4008449,2.45e-115,416
Query_12385,NC_009089.1,96.429,252,9,0,6301,6552,4008700,4008449,2.45e-115,416
Query_12385,NC_009089.1,96.429,252,9,0,5797,6048,4008700,4008449,2.45e-115,416
Query_12385,NC_009089.1,96.429,252,9,0,12857,13108,4151406,4151155,2.45e-115,416
Query_12385,NC_009089.1,96.429,252,9,0,6301,6552,4151406,4151155,2.45e-115,416
Query_12385,NC_009089.1,96.429,252,9,0,5797,6048,4151406,4151155,2.45e-115,416
Query_12385,NC_009089.1,96.032,252,10,0,5041,5292,11309,11560,1.14e-113,411
Query_12385,NC_009089.1,96.032,252,10,0,13109,13360,11309,11560,1.14e-113,411
Query_12385,NC_009089.1,96.032,252,10,0,5041,5292,25764,26015,1.14e-113,411
Query_12385,NC_009089.1,96.032,252,10,0,13109,13360,25764,26015,1.14e-113,411
Query_12385,NC_009089.1,96.032,252,10,0,5041,5292,124649,124900,1.14e-113,411
Query_12385,NC_009089.1,96.032,252,10,0,13109,13360,124649,124900,1.14e-113,411
Query_12385,NC_009089.1,96.032,252,10,0,5041,5292,131596,131847,1.14e-113,411
Query_12385,NC_009089.1,96.032,252,10,0,13109,13360,131596,131847,1.14e-113,411
Query_12385,NC_009089.1,96.032,252,10,0,5041,5292,142206,142457,1.14e-113,411
Query_12385,NC_009089.1,96.032,252,10,0,13109,13360,142206,142457,1.14e-113,411
Query_12385,NC_009089.1,96.032,252,10,0,5041,5292,147661,147912,1.14e-113,411
Query_12385,NC_009089.1,96.032,252,10,0,13109,13360,147661,147912,1.14e-113,411
Query_12385,NC_009089.1,96.032,252,10,0,5041,5292,377836,378087,1.14e-113,411
Query_12385,NC_009089.1,96.032,252,10,0,13109,13360,377836,378087,1.14e-113,411
Query_12385,NC_009089.1,96.032,252,10,0,5041,5292,1209710,1209961,1.14e-113,411
Query_12385,NC_009089.1,96.032,252,10,0,13109,13360,1209710,1209961,1.14e-113,411
Query_12385,NC_009089.1,96.032,252,10,0,13109,13360,3153575,3153324,1.14e-113,411
Query_12385,NC_009089.1,96.032,252,10,0,5041,5292,3153575,3153324,1.14e-113,411
Query_12385,NC_009089.1,96.032,252,10,0,13109,13360,4008700,4008449,1.14e-113,411
Query_12385,NC_009089.1,96.032,252,10,0,5041,5292,4008700,4008449,1.14e-113,411
Query_12385,NC_009089.1,96.032,252,10,0,13109,13360,4151406,4151155,1.14e-113,411
Query_12385,NC_009089.1,96.032,252,10,0,5041,5292,4151406,4151155,1.14e-113,411
Query_12385,NC_009089.1,97.479,238,6,0,7071,7308,11323,11560,1.48e-112,407
Query_12385,NC_009089.1,97.479,238,6,0,7071,7308,25778,26015,1.48e-112,407
Query_12385,NC_009089.1,97.479,238,6,0,7071,7308,124663,124900,1.48e-112,407
Query_12385,NC_009089.1,97.479,238,6,0,7071,7308,131610,131847,1.48e-112,407
Query_12385,NC_009089.1,97.479,238,6,0,7071,7308,142220,142457,1.48e-112,407
Query_12385,NC_009089.1,97.479,238,6,0,7071,7308,147675,147912,1.48e-112,407
Query_12385,NC_009089.1,97.479,238,6,0,7071,7308,377850,378087,1.48e-112,407
Query_12385,NC_009089.1,97.479,238,6,0,7071,7308,1209724,1209961,1.48e-112,407
Query_12385,NC_009089.1,97.479,238,6,0,7071,7308,3153561,3153324,1.48e-112,407
Query_12385,NC_009089.1,97.479,238,6,0,7071,7308,4008686,4008449,1.48e-112,407
Query_12385,NC_009089.1,97.479,238,6,0,7071,7308,4151392,4151155,1.48e-112,407
Query_12385,NC_009089.1,95.635,252,11,0,6553,6804,11309,11560,5.31e-112,405
Query_12385,NC_009089.1,95.635,252,11,0,8066,8317,11309,11560,5.31e-112,405
Query_12385,NC_009089.1,95.635,252,11,0,6553,6804,25764,26015,5.31e-112,405
Query_12385,NC_009089.1,95.635,252,11,0,8066,8317,25764,26015,5.31e-112,405
Query_12385,NC_009089.1,95.635,252,11,0,6553,6804,124649,124900,5.31e-112,405
Query_12385,NC_009089.1,95.635,252,11,0,8066,8317,124649,124900,5.31e-112,405
Query_12385,NC_009089.1,95.635,252,11,0,6553,6804,131596,131847,5.31e-112,405
Query_12385,NC_009089.1,95.635,252,11,0,8066,8317,131596,131847,5.31e-112,405
Query_12385,NC_009089.1,95.635,252,11,0,6553,6804,142206,142457,5.31e-112,405
Query_12385,NC_009089.1,95.635,252,11,0,8066,8317,142206,142457,5.31e-112,405
Query_12385,NC_009089.1,95.635,252,11,0,6553,6804,147661,147912,5.31e-112,405
Query_12385,NC_009089.1,95.635,252,11,0,8066,8317,147661,147912,5.31e-112,405
Query_12385,NC_009089.1,95.635,252,11,0,6553,6804,377836,378087,5.31e-112,405
Query_12385,NC_009089.1,95.635,252,11,0,8066,8317,377836,378087,5.31e-112,405
Query_12385,NC_009089.1,95.635,252,11,0,6553,6804,1209710,1209961,5.31e-112,405
Query_12385,NC_009089.1,95.635,252,11,0,8066,8317,1209710,1209961,5.31e-112,405
Query_12385,NC_009089.1,95.635,252,11,0,8066,8317,3153575,3153324,5.31e-112,405
Query_12385,NC_009089.1,95.635,252,11,0,6553,6804,3153575,3153324,5.31e-112,405
Query_12385,NC_009089.1,95.635,252,11,0,8066,8317,4008700,4008449,5.31e-112,405
Query_12385,NC_009089.1,95.635,252,11,0,6553,6804,4008700,4008449,5.31e-112,405
Query_12385,NC_009089.1,95.635,252,11,0,8066,8317,4151406,4151155,5.31e-112,405
Query_12385,NC_009089.1,95.635,252,11,0,6553,6804,4151406,4151155,5.31e-112,405
Query_12385,NC_009089.1,97.071,239,7,0,14130,14368,11322,11560,1.91e-111,403
Query_12385,NC_009089.1,97.071,239,7,0,14130,14368,25777,26015,1.91e-111,403
Query_12385,NC_009089.1,97.071,239,7,0,14130,14368,124662,124900,1.91e-111,403
Query_12385,NC_009089.1,97.071,239,7,0,14130,14368,131609,131847,1.91e-111,403
Query_12385,NC_009089.1,97.071,239,7,0,14130,14368,142219,142457,1.91e-111,403
Query_12385,NC_009089.1,97.071,239,7,0,14130,14368,147674,147912,1.91e-111,403
Query_12385,NC_009089.1,97.071,239,7,0,14130,14368,377849,378087,1.91e-111,403
Query_12385,NC_009089.1,97.071,239,7,0,14130,14368,1209723,1209961,1.91e-111,403
Query_12385,NC_009089.1,97.071,239,7,0,14130,14368,3153562,3153324,1.91e-111,403
Query_12385,NC_009089.1,97.071,239,7,0,14130,14368,4008687,4008449,1.91e-111,403
Query_12385,NC_009089.1,97.071,239,7,0,14130,14368,4151393,4151155,1.91e-111,403
Query_12385,NC_009089.1,95.238,252,12,0,2773,3024,11309,11560,2.47e-110,399
Query_12385,NC_009089.1,95.238,252,12,0,3025,3276,11309,11560,2.47e-110,399
Query_12385,NC_009089.1,95.238,252,12,0,9578,9829,11309,11560,2.47e-110,399
Query_12385,NC_009089.1,95.238,252,12,0,10840,11091,11309,11560,2.47e-110,399
Query_12385,NC_009089.1,95.238,252,12,0,12605,12856,11309,11560,2.47e-110,399
Query_12385,NC_009089.1,95.582,249,11,0,9830,10078,11309,11557,2.47e-110,399
Query_12385,NC_009089.1,95.238,252,12,0,2773,3024,25764,26015,2.47e-110,399
Query_12385,NC_009089.1,95.238,252,12,0,3025,3276,25764,26015,2.47e-110,399
Query_12385,NC_009089.1,95.238,252,12,0,9578,9829,25764,26015,2.47e-110,399
Query_12385,NC_009089.1,95.238,252,12,0,10840,11091,25764,26015,2.47e-110,399
Query_12385,NC_009089.1,95.238,252,12,0,12605,12856,25764,26015,2.47e-110,399
Query_12385,NC_009089.1,95.582,249,11,0,9830,10078,25764,26012,2.47e-110,399
Query_12385,NC_009089.1,95.238,252,12,0,2773,3024,124649,124900,2.47e-110,399
Query_12385,NC_009089.1,95.238,252,12,0,3025,3276,124649,124900,2.47e-110,399
Query_12385,NC_009089.1,95.238,252,12,0,9578,9829,124649,124900,2.47e-110,399
Query_12385,NC_009089.1,95.238,252,12,0,10840,11091,124649,124900,2.47e-110,399
Query_12385,NC_009089.1,95.238,252,12,0,12605,12856,124649,124900,2.47e-110,399
Query_12385,NC_009089.1,95.582,249,11,0,9830,10078,124649,124897,2.47e-110,399
Query_12385,NC_009089.1,95.238,252,12,0,2773,3024,131596,131847,2.47e-110,399
Query_12385,NC_009089.1,95.238,252,12,0,3025,3276,131596,131847,2.47e-110,399
Query_12385,NC_009089.1,95.238,252,12,0,9578,9829,131596,131847,2.47e-110,399
Query_12385,NC_009089.1,95.238,252,12,0,10840,11091,131596,131847,2.47e-110,399
Query_12385,NC_009089.1,95.238,252,12,0,12605,12856,131596,131847,2.47e-110,399
Query_12385,NC_009089.1,95.582,249,11,0,9830,10078,131596,131844,2.47e-110,399
Query_12385,NC_009089.1,95.238,252,12,0,2773,3024,142206,142457,2.47e-110,399
Query_12385,NC_009089.1,95.238,252,12,0,3025,3276,142206,142457,2.47e-110,399
Query_12385,NC_009089.1,95.238,252,12,0,9578,9829,142206,142457,2.47e-110,399
Query_12385,NC_009089.1,95.238,252,12,0,10840,11091,142206,142457,2.47e-110,399
Query_12385,NC_009089.1,95.238,252,12,0,12605,12856,142206,142457,2.47e-110,399
Query_12385,NC_009089.1,95.582,249,11,0,9830,10078,142206,142454,2.47e-110,399
Query_12385,NC_009089.1,95.238,252,12,0,2773,3024,147661,147912,2.47e-110,399
Query_12385,NC_009089.1,95.238,252,12,0,3025,3276,147661,147912,2.47e-110,399
Query_12385,NC_009089.1,95.238,252,12,0,9578,9829,147661,147912,2.47e-110,399
Query_12385,NC_009089.1,95.238,252,12,0,10840,11091,147661,147912,2.47e-110,399
Query_12385,NC_009089.1,95.238,252,12,0,12605,12856,147661,147912,2.47e-110,399
Query_12385,NC_009089.1,95.582,249,11,0,9830,10078,147661,147909,2.47e-110,399
Query_12385,NC_009089.1,95.238,252,12,0,2773,3024,377836,378087,2.47e-110,399
Query_12385,NC_009089.1,95.238,252,12,0,3025,3276,377836,378087,2.47e-110,399
Query_12385,NC_009089.1,95.238,252,12,0,9578,9829,377836,378087,2.47e-110,399
Query_12385,NC_009089.1,95.238,252,12,0,10840,11091,377836,378087,2.47e-110,399
Query_12385,NC_009089.1,95.238,252,12,0,12605,12856,377836,378087,2.47e-110,399
Query_12385,NC_009089.1,95.582,249,11,0,9830,10078,377836,378084,2.47e-110,399
Query_12385,NC_009089.1,95.238,252,12,0,2773,3024,1209710,1209961,2.47e-110,399
Query_12385,NC_009089.1,95.238,252,12,0,3025,3276,1209710,1209961,2.47e-110,399
Query_12385,NC_009089.1,95.238,252,12,0,9578,9829,1209710,1209961,2.47e-110,399
Query_12385,NC_009089.1,95.238,252,12,0,10840,11091,1209710,1209961,2.47e-110,399
Query_12385,NC_009089.1,95.238,252,12,0,12605,12856,1209710,1209961,2.47e-110,399
Query_12385,NC_009089.1,95.582,249,11,0,9830,10078,1209710,1209958,2.47e-110,399
Query_12385,NC_009089.1,95.238,252,12,0,12605,12856,3153575,3153324,2.47e-110,399
Query_12385,NC_009089.1,95.238,252,12,0,10840,11091,3153575,3153324,2.47e-110,399
Query_12385,NC_009089.1,95.238,252,12,0,9830,10081,3153575,3153324,2.47e-110,399
Query_12385,NC_009089.1,95.238,252,12,0,9578,9829,3153575,3153324,2.47e-110,399
Query_12385,NC_009089.1,95.238,252,12,0,3025,3276,3153575,3153324,2.47e-110,399
Query_12385,NC_009089.1,95.238,252,12,0,2773,3024,3153575,3153324,2.47e-110,399
Query_12385,NC_009089.1,95.238,252,12,0,12605,12856,4008700,4008449,2.47e-110,399
Query_12385,NC_009089.1,95.238,252,12,0,10840,11091,4008700,4008449,2.47e-110,399
Query_12385,NC_009089.1,95.238,252,12,0,9830,10081,4008700,4008449,2.47e-110,399
Query_12385,NC_009089.1,95.238,252,12,0,9578,9829,4008700,4008449,2.47e-110,399
Query_12385,NC_009089.1,95.238,252,12,0,3025,3276,4008700,4008449,2.47e-110,399
Query_12385,NC_009089.1,95.238,252,12,0,2773,3024,4008700,4008449,2.47e-110,399
Query_12385,NC_009089.1,95.238,252,12,0,12605,12856,4151406,4151155,2.47e-110,399
Query_12385,NC_009089.1,95.238,252,12,0,10840,11091,4151406,4151155,2.47e-110,399
Query_12385,NC_009089.1,95.238,252,12,0,9830,10081,4151406,4151155,2.47e-110,399
Query_12385,NC_009089.1,95.238,252,12,0,9578,9829,4151406,4151155,2.47e-110,399
Query_12385,NC_009089.1,95.238,252,12,0,3025,3276,4151406,4151155,2.47e-110,399
Query_12385,NC_009089.1,95.238,252,12,0,2773,3024,4151406,4151155,2.47e-110,399
Query_12385,NC_009089.1,94.466,253,12,2,253,504,11309,11560,5.35e-107,388
Query_12385,NC_009089.1,94.444,252,14,0,14369,14620,11309,11560,5.35e-107,388
Query_12385,NC_009089.1,94.466,253,12,2,253,504,25764,26015,5.35e-107,388
Query_12385,NC_009089.1,94.444,252,14,0,14369,14620,25764,26015,5.35e-107,388
Query_12385,NC_009089.1,94.466,253,12,2,253,504,124649,124900,5.35e-107,388
Query_12385,NC_009089.1,94.444,252,14,0,14369,14620,124649,124900,5.35e-107,388
Query_12385,NC_009089.1,94.466,253,12,2,253,504,131596,131847,5.35e-107,388
Query_12385,NC_009089.1,94.444,252,14,0,14369,14620,131596,131847,5.35e-107,388
Query_12385,NC_009089.1,94.466,253,12,2,253,504,142206,142457,5.35e-107,388
Query_12385,NC_009089.1,94.444,252,14,0,14369,14620,142206,142457,5.35e-107,388
Query_12385,NC_009089.1,94.466,253,12,2,253,504,147661,147912,5.35e-107,388
Query_12385,NC_009089.1,94.444,252,14,0,14369,14620,147661,147912,5.35e-107,388
Query_12385,NC_009089.1,94.466,253,12,2,253,504,377836,378087,5.35e-107,388
Query_12385,NC_009089.1,94.444,252,14,0,14369,14620,377836,378087,5.35e-107,388
Query_12385,NC_009089.1,94.466,253,12,2,253,504,1209710,1209961,5.35e-107,388
Query_12385,NC_009089.1,94.444,252,14,0,14369,14620,1209710,1209961,5.35e-107,388
Query_12385,NC_009089.1,94.444,252,14,0,14369,14620,3153575,3153324,5.35e-107,388
Query_12385,NC_009089.1,94.466,253,12,2,253,504,3153575,3153324,5.35e-107,388
Query_12385,NC_009089.1,94.444,252,14,0,14369,14620,4008700,4008449,5.35e-107,388
Query_12385,NC_009089.1,94.466,253,12,2,253,504,4008700,4008449,5.35e-107,388
Query_12385,NC_009089.1,94.444,252,14,0,14369,14620,4151406,4151155,5.35e-107,388
Query_12385,NC_009089.1,94.466,253,12,2,253,504,4151406,4151155,5.35e-107,388
Query_12385,NC_009089.1,95.816,239,10,0,7575,7813,11322,11560,1.92e-106,387
Query_12385,NC_009089.1,95.816,239,10,0,11105,11343,11322,11560,1.92e-106,387
Query_12385,NC_009089.1,95.816,239,10,0,7575,7813,25777,26015,1.92e-106,387
Query_12385,NC_009089.1,95.816,239,10,0,11105,11343,25777,26015,1.92e-106,387
Query_12385,NC_009089.1,95.816,239,10,0,7575,7813,124662,124900,1.92e-106,387
Query_12385,NC_009089.1,95.816,239,10,0,11105,11343,124662,124900,1.92e-106,387
Query_12385,NC_009089.1,95.816,239,10,0,7575,7813,131609,131847,1.92e-106,387
Query_12385,NC_009089.1,95.816,239,10,0,11105,11343,131609,131847,1.92e-106,387
Query_12385,NC_009089.1,95.816,239,10,0,7575,7813,142219,142457,1.92e-106,387
Query_12385,NC_009089.1,95.816,239,10,0,11105,11343,142219,142457,1.92e-106,387
Query_12385,NC_009089.1,95.816,239,10,0,7575,7813,147674,147912,1.92e-106,387
Query_12385,NC_009089.1,95.816,239,10,0,11105,11343,147674,147912,1.92e-106,387
Query_12385,NC_009089.1,95.816,239,10,0,7575,7813,377849,378087,1.92e-106,387
Query_12385,NC_009089.1,95.816,239,10,0,11105,11343,377849,378087,1.92e-106,387
Query_12385,NC_009089.1,95.816,239,10,0,7575,7813,1209723,1209961,1.92e-106,387
Query_12385,NC_009089.1,95.816,239,10,0,11105,11343,1209723,1209961,1.92e-106,387
Query_12385,NC_009089.1,95.816,239,10,0,11105,11343,3153562,3153324,1.92e-106,387
Query_12385,NC_009089.1,95.816,239,10,0,7575,7813,3153562,3153324,1.92e-106,387
Query_12385,NC_009089.1,95.816,239,10,0,11105,11343,4008687,4008449,1.92e-106,387
Query_12385,NC_009089.1,95.816,239,10,0,7575,7813,4008687,4008449,1.92e-106,387
Query_12385,NC_009089.1,95.816,239,10,0,11105,11343,4151393,4151155,1.92e-106,387
Query_12385,NC_009089.1,95.816,239,10,0,7575,7813,4151393,4151155,1.92e-106,387
Query_12385,NC_009089.1,94.048,252,15,0,5293,5544,11309,11560,2.49e-105,383
Query_12385,NC_009089.1,94.048,252,15,0,7814,8065,11309,11560,2.49e-105,383
Query_12385,NC_009089.1,94.048,252,15,0,10588,10839,11309,11560,2.49e-105,383
Query_12385,NC_009089.1,94.071,253,13,2,13613,13864,11309,11560,2.49e-105,383
Query_12385,NC_009089.1,94.048,252,15,0,13865,14116,11309,11560,2.49e-105,383
Query_12385,NC_009089.1,94.048,252,15,0,5293,5544,25764,26015,2.49e-105,383
Query_12385,NC_009089.1,94.048,252,15,0,7814,8065,25764,26015,2.49e-105,383
Query_12385,NC_009089.1,94.048,252,15,0,10588,10839,25764,26015,2.49e-105,383
Query_12385,NC_009089.1,94.071,253,13,2,13613,13864,25764,26015,2.49e-105,383
Query_12385,NC_009089.1,94.048,252,15,0,13865,14116,25764,26015,2.49e-105,383
Query_12385,NC_009089.1,94.048,252,15,0,5293,5544,124649,124900,2.49e-105,383
Query_12385,NC_009089.1,94.048,252,15,0,7814,8065,124649,124900,2.49e-105,383
Query_12385,NC_009089.1,94.048,252,15,0,10588,10839,124649,124900,2.49e-105,383
Query_12385,NC_009089.1,94.071,253,13,2,13613,13864,124649,124900,2.49e-105,383
Query_12385,NC_009089.1,94.048,252,15,0,13865,14116,124649,124900,2.49e-105,383
Query_12385,NC_009089.1,94.048,252,15,0,5293,5544,131596,131847,2.49e-105,383
Query_12385,NC_009089.1,94.048,252,15,0,7814,8065,131596,131847,2.49e-105,383
Query_12385,NC_009089.1,94.048,252,15,0,10588,10839,131596,131847,2.49e-105,383
Query_12385,NC_009089.1,94.071,253,13,2,13613,13864,131596,131847,2.49e-105,383
Query_12385,NC_009089.1,94.048,252,15,0,13865,14116,131596,131847,2.49e-105,383
Query_12385,NC_009089.1,94.048,252,15,0,5293,5544,142206,142457,2.49e-105,383
Query_12385,NC_009089.1,94.048,252,15,0,7814,8065,142206,142457,2.49e-105,383
Query_12385,NC_009089.1,94.048,252,15,0,10588,10839,142206,142457,2.49e-105,383
Query_12385,NC_009089.1,94.071,253,13,2,13613,13864,142206,142457,2.49e-105,383
Query_12385,NC_009089.1,94.048,252,15,0,13865,14116,142206,142457,2.49e-105,383
Query_12385,NC_009089.1,94.048,252,15,0,5293,5544,147661,147912,2.49e-105,383
Query_12385,NC_009089.1,94.048,252,15,0,7814,8065,147661,147912,2.49e-105,383
Query_12385,NC_009089.1,94.048,252,15,0,10588,10839,147661,147912,2.49e-105,383
Query_12385,NC_009089.1,94.071,253,13,2,13613,13864,147661,147912,2.49e-105,383
Query_12385,NC_009089.1,94.048,252,15,0,13865,14116,147661,147912,2.49e-105,383
Query_12385,NC_009089.1,94.048,252,15,0,5293,5544,377836,378087,2.49e-105,383
Query_12385,NC_009089.1,94.048,252,15,0,7814,8065,377836,378087,2.49e-105,383
Query_12385,NC_009089.1,94.048,252,15,0,10588,10839,377836,378087,2.49e-105,383
Query_12385,NC_009089.1,94.071,253,13,2,13613,13864,377836,378087,2.49e-105,383
Query_12385,NC_009089.1,94.048,252,15,0,13865,14116,377836,378087,2.49e-105,383
Query_12385,NC_009089.1,94.048,252,15,0,5293,5544,1209710,1209961,2.49e-105,383
Query_12385,NC_009089.1,94.048,252,15,0,7814,8065,1209710,1209961,2.49e-105,383
Query_12385,NC_009089.1,94.048,252,15,0,10588,10839,1209710,1209961,2.49e-105,383
Query_12385,NC_009089.1,94.071,253,13,2,13613,13864,1209710,1209961,2.49e-105,383
Query_12385,NC_009089.1,94.048,252,15,0,13865,14116,1209710,1209961,2.49e-105,383
Query_12385,NC_009089.1,94.048,252,15,0,13865,14116,3153575,3153324,2.49e-105,383
Query_12385,NC_009089.1,94.071,253,13,2,13613,13864,3153575,3153324,2.49e-105,383
Query_12385,NC_009089.1,94.048,252,15,0,10588,10839,3153575,3153324,2.49e-105,383
Query_12385,NC_009089.1,94.048,252,15,0,7814,8065,3153575,3153324,2.49e-105,383
Query_12385,NC_009089.1,94.048,252,15,0,5293,5544,3153575,3153324,2.49e-105,383
Query_12385,NC_009089.1,94.048,252,15,0,13865,14116,4008700,4008449,2.49e-105,383
Query_12385,NC_009089.1,94.071,253,13,2,13613,13864,4008700,4008449,2.49e-105,383
Query_12385,NC_009089.1,94.048,252,15,0,10588,10839,4008700,4008449,2.49e-105,383
Query_12385,NC_009089.1,94.048,252,15,0,7814,8065,4008700,4008449,2.49e-105,383
Query_12385,NC_009089.1,94.048,252,15,0,5293,5544,4008700,4008449,2.49e-105,383
Query_12385,NC_009089.1,94.048,252,15,0,13865,14116,4151406,4151155,2.49e-105,383
Query_12385,NC_009089.1,94.071,253,13,2,13613,13864,4151406,4151155,2.49e-105,383
Query_12385,NC_009089.1,94.048,252,15,0,10588,10839,4151406,4151155,2.49e-105,383
Query_12385,NC_009089.1,94.048,252,15,0,7814,8065,4151406,4151155,2.49e-105,383
Query_12385,NC_009089.1,94.048,252,15,0,5293,5544,4151406,4151155,2.49e-105,383
Query_12385,NC_009089.1,93.651,252,16,0,11848,12099,11309,11560,1.16e-103,377
Query_12385,NC_009089.1,93.701,254,13,3,12100,12352,11309,11560,1.16e-103,377
Query_12385,NC_009089.1,93.651,252,16,0,11848,12099,25764,26015,1.16e-103,377
Query_12385,NC_009089.1,93.701,254,13,3,12100,12352,25764,26015,1.16e-103,377
Query_12385,NC_009089.1,93.651,252,16,0,11848,12099,124649,124900,1.16e-103,377
Query_12385,NC_009089.1,93.701,254,13,3,12100,12352,124649,124900,1.16e-103,377
Query_12385,NC_009089.1,93.651,252,16,0,11848,12099,131596,131847,1.16e-103,377
Query_12385,NC_009089.1,93.701,254,13,3,12100,12352,131596,131847,1.16e-103,377
Query_12385,NC_009089.1,93.651,252,16,0,11848,12099,142206,142457,1.16e-103,377
Query_12385,NC_009089.1,93.701,254,13,3,12100,12352,142206,142457,1.16e-103,377
Query_12385,NC_009089.1,93.651,252,16,0,11848,12099,147661,147912,1.16e-103,377
Query_12385,NC_009089.1,93.701,254,13,3,12100,12352,147661,147912,1.16e-103,377
Query_12385,NC_009089.1,93.651,252,16,0,11848,12099,377836,378087,1.16e-103,377
Query_12385,NC_009089.1,93.701,254,13,3,12100,12352,377836,378087,1.16e-103,377
Query_12385,NC_009089.1,93.651,252,16,0,11848,12099,1209710,1209961,1.16e-103,377
Query_12385,NC_009089.1,93.701,254,13,3,12100,12352,1209710,1209961,1.16e-103,377
Query_12385,NC_009089.1,93.701,254,13,3,12100,12352,3153575,3153324,1.16e-103,377
Query_12385,NC_009089.1,93.651,252,16,0,11848,12099,3153575,3153324,1.16e-103,377
Query_12385,NC_009089.1,93.701,254,13,3,12100,12352,4008700,4008449,1.16e-103,377
Query_12385,NC_009089.1,93.651,252,16,0,11848,12099,4008700,4008449,1.16e-103,377
Query_12385,NC_009089.1,93.701,254,13,3,12100,12352,4151406,4151155,1.16e-103,377
Query_12385,NC_009089.1,93.651,252,16,0,11848,12099,4151406,4151155,1.16e-103,377
Query_12385,NC_009089.1,94.628,242,13,0,11354,11595,11319,11560,4.17e-103,375
Query_12385,NC_009089.1,94.628,242,13,0,11354,11595,25774,26015,4.17e-103,375
Query_12385,NC_009089.1,94.628,242,13,0,11354,11595,124659,124900,4.17e-103,375
Query_12385,NC_009089.1,94.628,242,13,0,11354,11595,131606,131847,4.17e-103,375
Query_12385,NC_009089.1,94.628,242,13,0,11354,11595,142216,142457,4.17e-103,375
Query_12385,NC_009089.1,94.628,242,13,0,11354,11595,147671,147912,4.17e-103,375
Query_12385,NC_009089.1,94.628,242,13,0,11354,11595,377846,378087,4.17e-103,375
Query_12385,NC_009089.1,94.628,242,13,0,11354,11595,1209720,1209961,4.17e-103,375
Query_12385,NC_009089.1,94.979,239,12,0,11357,11595,3153562,3153324,4.17e-103,375
Query_12385,NC_009089.1,94.979,239,12,0,11357,11595,4008687,4008449,4.17e-103,375
Query_12385,NC_009089.1,94.979,239,12,0,11357,11595,4151393,4151155,4.17e-103,375
Query_12385,NC_009089.1,93.254,252,17,0,9326,9577,11309,11560,5.39e-102,372
Query_12385,NC_009089.1,93.254,252,17,0,11596,11847,11309,11560,5.39e-102,372
Query_12385,NC_009089.1,93.254,252,17,0,12353,12604,11309,11560,5.39e-102,372
Query_12385,NC_009089.1,93.254,252,17,0,14621,14872,11309,11560,5.39e-102,372
Query_12385,NC_009089.1,93.254,252,17,0,9326,9577,25764,26015,5.39e-102,372
Query_12385,NC_009089.1,93.254,252,17,0,11596,11847,25764,26015,5.39e-102,372
Query_12385,NC_009089.1,93.254,252,17,0,12353,12604,25764,26015,5.39e-102,372
Query_12385,NC_009089.1,93.254,252,17,0,14621,14872,25764,26015,5.39e-102,372
Query_12385,NC_009089.1,93.254,252,17,0,9326,9577,124649,124900,5.39e-102,372
Query_12385,NC_009089.1,93.254,252,17,0,11596,11847,124649,124900,5.39e-102,372
Query_12385,NC_009089.1,93.254,252,17,0,12353,12604,124649,124900,5.39e-102,372
Query_12385,NC_009089.1,93.254,252,17,0,14621,14872,124649,124900,5.39e-102,372
Query_12385,NC_009089.1,93.254,252,17,0,9326,9577,131596,131847,5.39e-102,372
Query_12385,NC_009089.1,93.254,252,17,0,11596,11847,131596,131847,5.39e-102,372
Query_12385,NC_009089.1,93.254,252,17,0,12353,12604,131596,131847,5.39e-102,372
Query_12385,NC_009089.1,93.254,252,17,0,14621,14872,131596,131847,5.39e-102,372
Query_12385,NC_009089.1,93.254,252,17,0,9326,9577,142206,142457,5.39e-102,372
Query_12385,NC_009089.1,93.254,252,17,0,11596,11847,142206,142457,5.39e-102,372
Query_12385,NC_009089.1,93.254,252,17,0,12353,12604,142206,142457,5.39e-102,372
Query_12385,NC_009089.1,93.254,252,17,0,14621,14872,142206,142457,5.39e-102,372
Query_12385,NC_009089.1,93.254,252,17,0,9326,9577,147661,147912,5.39e-102,372
Query_12385,NC_009089.1,93.254,252,17,0,11596,11847,147661,147912,5.39e-102,372
Query_12385,NC_009089.1,93.254,252,17,0,12353,12604,147661,147912,5.39e-102,372
Query_12385,NC_009089.1,93.254,252,17,0,14621,14872,147661,147912,5.39e-102,372
Query_12385,NC_009089.1,93.254,252,17,0,9326,9577,377836,378087,5.39e-102,372
Query_12385,NC_009089.1,93.254,252,17,0,11596,11847,377836,378087,5.39e-102,372
Query_12385,NC_009089.1,93.254,252,17,0,12353,12604,377836,378087,5.39e-102,372
Query_12385,NC_009089.1,93.254,252,17,0,14621,14872,377836,378087,5.39e-102,372
Query_12385,NC_009089.1,93.254,252,17,0,9326,9577,1209710,1209961,5.39e-102,372
Query_12385,NC_009089.1,93.254,252,17,0,11596,11847,1209710,1209961,5.39e-102,372
Query_12385,NC_009089.1,93.254,252,17,0,12353,12604,1209710,1209961,5.39e-102,372
Query_12385,NC_009089.1,93.254,252,17,0,14621,14872,1209710,1209961,5.39e-102,372
Query_12385,NC_009089.1,93.254,252,17,0,14621,14872,3153575,3153324,5.39e-102,372
Query_12385,NC_009089.1,93.254,252,17,0,12353,12604,3153575,3153324,5.39e-102,372
Query_12385,NC_009089.1,93.254,252,17,0,11596,11847,3153575,3153324,5.39e-102,372
Query_12385,NC_009089.1,93.254,252,17,0,9326,9577,3153575,3153324,5.39e-102,372
Query_12385,NC_009089.1,93.254,252,17,0,14621,14872,4008700,4008449,5.39e-102,372
Query_12385,NC_009089.1,93.254,252,17,0,12353,12604,4008700,4008449,5.39e-102,372
Query_12385,NC_009089.1,93.254,252,17,0,11596,11847,4008700,4008449,5.39e-102,372
Query_12385,NC_009089.1,93.254,252,17,0,9326,9577,4008700,4008449,5.39e-102,372
Query_12385,NC_009089.1,93.254,252,17,0,14621,14872,4151406,4151155,5.39e-102,372
Query_12385,NC_009089.1,93.254,252,17,0,12353,12604,4151406,4151155,5.39e-102,372
Query_12385,NC_009089.1,93.254,252,17,0,11596,11847,4151406,4151155,5.39e-102,372
Query_12385,NC_009089.1,93.254,252,17,0,9326,9577,4151406,4151155,5.39e-102,372
Query_12385,NC_009089.1,94.561,239,13,0,13374,13612,11322,11560,1.94e-101,370
Query_12385,NC_009089.1,94.561,239,13,0,13374,13612,25777,26015,1.94e-101,370
Query_12385,NC_009089.1,94.561,239,13,0,13374,13612,124662,124900,1.94e-101,370
Query_12385,NC_009089.1,94.561,239,13,0,13374,13612,131609,131847,1.94e-101,370
Query_12385,NC_009089.1,94.561,239,13,0,13374,13612,142219,142457,1.94e-101,370
Query_12385,NC_009089.1,94.561,239,13,0,13374,13612,147674,147912,1.94e-101,370
Query_12385,NC_009089.1,94.561,239,13,0,13374,13612,377849,378087,1.94e-101,370
Query_12385,NC_009089.1,94.561,239,13,0,13374,13612,1209723,1209961,1.94e-101,370
Query_12385,NC_009089.1,94.561,239,13,0,13374,13612,3153562,3153324,1.94e-101,370
Query_12385,NC_009089.1,94.561,239,13,0,13374,13612,4008687,4008449,1.94e-101,370
Query_12385,NC_009089.1,94.561,239,13,0,13374,13612,4151393,4151155,1.94e-101,370
Query_12385,NC_009089.1,92.857,252,18,0,4285,4536,11309,11560,2.51e-100,366
Query_12385,NC_009089.1,92.857,252,18,0,4285,4536,25764,26015,2.51e-100,366
Query_12385,NC_009089.1,92.857,252,18,0,4285,4536,124649,124900,2.51e-100,366
Query_12385,NC_009089.1,92.857,252,18,0,4285,4536,131596,131847,2.51e-100,366
Query_12385,NC_009089.1,92.857,252,18,0,4285,4536,142206,142457,2.51e-100,366
Query_12385,NC_009089.1,92.857,252,18,0,4285,4536,147661,147912,2.51e-100,366
Query_12385,NC_009089.1,92.857,252,18,0,4285,4536,377836,378087,2.51e-100,366
Query_12385,NC_009089.1,92.857,252,18,0,4285,4536,1209710,1209961,2.51e-100,366
Query_12385,NC_009089.1,92.857,252,18,0,4285,4536,3153575,3153324,2.51e-100,366
Query_12385,NC_009089.1,92.857,252,18,0,4285,4536,4008700,4008449,2.51e-100,366
Query_12385,NC_009089.1,92.857,252,18,0,4285,4536,4151406,4151155,2.51e-100,366
Query_12385,NC_009089.1,92.460,252,19,0,10336,10587,11309,11560,1.17e-98,361
Query_12385,NC_009089.1,92.460,252,19,0,10336,10587,25764,26015,1.17e-98,361
Query_12385,NC_009089.1,92.460,252,19,0,10336,10587,124649,124900,1.17e-98,361
Query_12385,NC_009089.1,92.460,252,19,0,10336,10587,131596,131847,1.17e-98,361
Query_12385,NC_009089.1,92.460,252,19,0,10336,10587,142206,142457,1.17e-98,361
Query_12385,NC_009089.1,92.460,252,19,0,10336,10587,147661,147912,1.17e-98,361
Query_12385,NC_009089.1,92.460,252,19,0,10336,10587,377836,378087,1.17e-98,361
Query_12385,NC_009089.1,92.460,252,19,0,10336,10587,1209710,1209961,1.17e-98,361
Query_12385,NC_009089.1,92.460,252,19,0,10336,10587,3153575,3153324,1.17e-98,361
Query_12385,NC_009089.1,92.460,252,19,0,10336,10587,4008700,4008449,1.17e-98,361
Query_12385,NC_009089.1,92.460,252,19,0,10336,10587,4151406,4151155,1.17e-98,361
Query_12385,NC_009089.1,92.369,249,19,0,3781,4029,11309,11557,5.43e-97,355
Query_12385,NC_009089.1,92.369,249,19,0,3781,4029,25764,26012,5.43e-97,355
Query_12385,NC_009089.1,92.369,249,19,0,3781,4029,124649,124897,5.43e-97,355
Query_12385,NC_009089.1,92.369,249,19,0,3781,4029,131596,131844,5.43e-97,355
Query_12385,NC_009089.1,92.369,249,19,0,3781,4029,142206,142454,5.43e-97,355
Query_12385,NC_009089.1,92.369,249,19,0,3781,4029,147661,147909,5.43e-97,355
Query_12385,NC_009089.1,92.369,249,19,0,3781,4029,377836,378084,5.43e-97,355
Query_12385,NC_009089.1,92.369,249,19,0,3781,4029,1209710,1209958,5.43e-97,355
Query_12385,NC_009089.1,92.063,252,20,0,3781,4032,3153575,3153324,5.43e-97,355
Query_12385,NC_009089.1,92.063,252,20,0,3781,4032,4008700,4008449,5.43e-97,355
Query_12385,NC_009089.1,92.063,252,20,0,3781,4032,4151406,4151155,5.43e-97,355


