s,h:m:s,max_rss,max_vms,max_uss,max_pss,io_in,io_out,mean_load,cpu_time,method,seed
64.1072,00:01:04,20474.52,35176.09,15095.93,15246.62,63.46,0.02,2242.33,1143.33,glmnet,100
64.0357,00:01:04,20512.61,35164.94,15061.66,15212.55,0,0.01,682.47,152.97,glmnet,101
63.8506,00:01:03,20882.91,35531.98,15418.97,15586.83,0,0.02,2287.41,1163.06,glmnet,102
63.9837,00:01:03,20548.28,35195.8,15139.44,15291.58,63.82,0.02,599.93,105.01,glmnet,103
65.5354,00:01:05,20618.07,35278.94,15474.04,15618.61,0,0.01,2184.64,1146.7,glmnet,104
63.4807,00:01:03,20460.84,35113.91,15049.11,15203.08,0,0.02,2302.05,1164.51,glmnet,105
64.5839,00:01:04,20619.39,35275.25,15031.67,15249.89,0,0.02,606.79,98.27,glmnet,106
66.3174,00:01:06,19993.89,34648.21,13085.53,13374.35,63.82,0.02,578.55,95.89,glmnet,107
64.1216,00:01:04,20111.61,34771.17,14886.16,15035.19,0,0.02,2237.75,1149.3,glmnet,108
64.1616,00:01:04,19953.49,34612.07,14809.98,14965.83,0,0.02,2269.81,1160.72,glmnet,109
65.129,00:01:05,20581.17,35228.51,15222.85,15373.2,0,0.02,2192.59,1136.41,glmnet,110
65.2774,00:01:05,20265.04,34921.69,14949.33,15106.26,0,0.02,2223.79,1164.46,glmnet,111
63.9027,00:01:03,20055.69,34704.32,14637.49,14790.56,0,0.02,671.52,138.72,glmnet,112
65.5163,00:01:05,20582.45,35230.24,15431.12,15581.69,63.46,0.01,2190.85,1144.64,glmnet,113
65.1338,00:01:05,20650.19,35303.14,15408.49,15557.03,0,0.02,2232.35,1156.57,glmnet,114
64.1591,00:01:04,20854,35501.04,15181.45,15429.88,0,0.02,612.68,108.41,glmnet,115
62.2777,00:01:02,20511.78,35159.35,15097.09,15250.48,0,0.02,2374.69,1188.31,glmnet,116
64.664,00:01:04,20659.62,35316.99,15162.54,15303.91,0,0.01,567.51,103.22,glmnet,117
64.6056,00:01:04,20568.59,35218.03,15021.31,15208.93,0,0.02,686.13,155.58,glmnet,118
63.7465,00:01:03,20292.06,34945.88,14903.86,15054.99,0,0.02,720.63,168.51,glmnet,119
65.3617,00:01:05,20236.99,34894.07,14958.73,15107.09,0,0.02,2232.99,1162.25,glmnet,120
65.6788,00:01:05,20608.8,35332.57,15377.5,15530.43,0,0.02,2186.26,1145.25,glmnet,121
65.707,00:01:05,20749.33,35403.88,15501.88,15652.92,63.46,0.02,2117.93,1103.3,glmnet,122
63.0898,00:01:03,20204.12,34851.85,15033.45,15178.52,0,0.01,2309.38,1167.36,glmnet,123
66.1853,00:01:06,20119.07,34841.07,14430.07,14586.69,0,0.02,563.9,111.79,glmnet,124
62.9637,00:01:02,20215.8,34862.88,14937.32,15089.53,0,0.02,704.62,151.79,glmnet,125
64.8515,00:01:04,20058.76,34712.95,15051.78,15196.13,0,0.02,2229.86,1150.04,glmnet,126
65.6091,00:01:05,20295.19,34942.29,14999.04,15140.69,0,0.02,2191.19,1166.01,glmnet,127
64.3178,00:01:04,20425.36,35073.78,15017.21,15167.3,63.82,0.02,2205.4,1126.45,glmnet,128
63.8272,00:01:03,20340.2,34987.58,15126.04,15274.58,63.82,0.02,676.03,136.05,glmnet,129
66.5821,00:01:06,20830.46,35478.32,15544.1,15695.8,63.82,0.02,1535.57,1082.05,glmnet,130
63.9458,00:01:03,20341.9,34999.32,15042.82,15193.17,63.82,0.02,2151.21,1090.07,glmnet,131
64.3896,00:01:04,20680.59,35332.48,15465.71,15613.31,63.82,0.02,2230.65,1149.46,glmnet,132
65.3642,00:01:05,20039.92,34690.07,14705.02,14856.19,63.82,0.02,2196.79,1146.84,glmnet,133
64.8655,00:01:04,20702.21,35367.34,15650.77,15801.07,63.82,0.02,2139.59,1116.02,glmnet,134
63.7648,00:01:03,20100.7,34355.38,15025.75,15172.28,63.82,0.02,2108.25,1075.21,glmnet,135
63.5626,00:01:03,20688.77,35336.82,15454.89,15605.18,63.98,0.02,2184.99,1104.09,glmnet,136
64.6405,00:01:04,20858.19,35505.95,15708.02,15859.53,63.85,0.02,2149.28,1111.88,glmnet,137
64.5316,00:01:04,20902.46,35560.73,15442.22,15597.01,64.02,0.02,1408.22,1083.46,glmnet,138
65.2656,00:01:05,20492.5,35142.9,15364.35,15508.28,63.82,0.02,2133.76,1108.45,glmnet,139
65.0512,00:01:05,20680.32,35334.61,15438.05,15590.85,63.97,0.02,2132.84,1094.4,glmnet,140
63.8873,00:01:03,20215.41,34870.94,14968.96,15121.18,0,0.02,2291.52,1166.99,glmnet,141
64.9254,00:01:04,20663.02,35310.75,15377.54,15529.39,0,0.02,2198.72,1142.85,glmnet,142
65.3797,00:01:05,20319.6,34966.36,14960.79,15111.32,0,0.01,698.66,164.27,glmnet,143
63.2551,00:01:03,20355.37,35003.56,14953.65,15106.05,0.01,0.02,2209.57,1150.61,glmnet,144
62.9491,00:01:02,20032.54,34678.9,14790.38,14940.76,0,0.02,2306.63,1160.62,glmnet,145
62.607,00:01:02,20192.75,34683.15,15055.67,15207.17,0,0.02,2305.67,1150.66,glmnet,146
64.4868,00:01:04,20168.07,34826.2,14870.62,15023.99,0,0.02,631.31,119.13,glmnet,147
67.0208,00:01:07,20662.09,35310.39,15477.45,15628.21,0,0.02,2160.37,1127.34,glmnet,148
64.7511,00:01:04,20371.94,35025.17,15057.39,15207.8,0,0.01,2225.74,1147.31,glmnet,149
63.3007,00:01:03,20506,35165.53,14993.14,15179.15,0,0.02,622.33,110.51,glmnet,150
63.5668,00:01:03,20474.28,35121.67,15284.26,15429.36,0,0.02,682.63,146.81,glmnet,151
68.5344,00:01:08,20613,35260.04,15506.7,15652.54,0,0.02,2132.71,1145.09,glmnet,152
65.6788,00:01:05,20598.65,35248.81,15120.44,15277.49,0,0.02,2208.41,1160.57,glmnet,153
65.6696,00:01:05,20627.58,35275.46,15252.09,15403.18,63.82,0.02,2114.38,1122.28,glmnet,154
63.7072,00:01:03,20045.08,34701.23,14823.2,14974.17,0,0.02,2266.66,1167.45,glmnet,155
63.7147,00:01:03,20574.42,35234.64,15211.46,15362.42,63.46,0.02,2210.09,1147.99,glmnet,156
65.0094,00:01:05,20110.28,34515.96,14883.89,15035.18,0,0.02,2219.13,1155.24,glmnet,157
65.5531,00:01:05,20373.29,35028.83,15109.02,15260.49,0,0.02,573.3,97.58,glmnet,158
62.916,00:01:02,20281.11,34934.29,14912.75,15065.94,63.82,0.02,602.46,114.14,glmnet,159
64.9883,00:01:04,20641.93,35289.14,15336.04,15483.11,0,0.02,676.92,152.49,glmnet,160
64.9554,00:01:04,20593.62,35323.55,15151.5,15309.87,0,0.02,2272.6,1171.27,glmnet,161
63.323,00:01:03,20856.08,35515.84,15342.7,15516.46,0,0.02,2303.44,1174.94,glmnet,162
63.7132,00:01:03,20602.75,35263.46,15200.59,15352.11,0,0.02,627.85,109.1,glmnet,163
64.7482,00:01:04,20066.89,34647.02,14855.33,15006.03,0,0.02,2247.16,1158.96,glmnet,164
63.8597,00:01:03,20942.29,35589.73,15624.18,15774.82,0,0.02,628.44,111.1,glmnet,165
65.2034,00:01:05,20051.54,34609.33,14791.76,14942.81,0,0.02,2227.8,1162.41,glmnet,166
64.7901,00:01:04,20607.7,35256.39,15227.45,15378.16,63.82,0.02,2166.33,1133.17,glmnet,167
62.2488,00:01:02,20877.04,35540.53,15238.24,15395.92,0,0.02,2353.95,1170.87,glmnet,168
63.9791,00:01:03,20040.31,34368.02,15033.36,15177,0,0.02,2286.16,1163.9,glmnet,169
62.4842,00:01:02,20176.66,34841.48,14770.77,14921.26,0,0.02,754.44,177.18,glmnet,170
64.6328,00:01:04,20766.02,35415.48,15407.4,15558.78,63.82,0.02,2192.81,1132.14,glmnet,171
64.3652,00:01:04,19978.86,34390.01,15060.86,15205.79,0,0.02,2212.68,1159.65,glmnet,172
63.6243,00:01:03,20135.91,34826.7,14718.9,14869.33,0,0.02,2244.31,1162.98,glmnet,173
64.2458,00:01:04,20252.18,34898.77,15140.11,15284.93,0,0.02,2347.9,1220.88,glmnet,174
63.4607,00:01:03,20983.71,35630.91,15786.18,15939.2,0,0.01,2205.94,1115.82,glmnet,175
63.685,00:01:03,20826.21,35473.58,15277.95,15476.25,0,0.02,668.63,133.36,glmnet,176
65.4025,00:01:05,20455.71,35102.99,15264.61,15411.45,0,0.02,2236.14,1180.4,glmnet,177
66.0517,00:01:06,20262.41,34910.58,15051.57,15200.72,0,0.02,644.21,142.17,glmnet,178
64.6684,00:01:04,20526.43,35174.09,15267.93,15414.73,0,0.02,2280.16,1195.84,glmnet,179
64.4337,00:01:04,20726.17,35373.41,15551.07,15697.71,0,0.02,2217.39,1142.5,glmnet,180
63.6487,00:01:03,20526.36,35173.52,15357.95,15502.74,0,0.02,2188.43,1115.83,glmnet,181
63.9769,00:01:03,19900.36,34482.16,14946.41,15091.52,0,0.02,2284.63,1160.95,glmnet,182
65.2134,00:01:05,20576.3,35222.95,15140.04,15295.73,0,0.02,708.08,166.21,glmnet,183
63.0885,00:01:03,20836.16,35522.34,15405.23,15557.87,63.82,0.02,2269.36,1137.99,glmnet,184
63.8169,00:01:03,20191.35,34840.73,14951.59,15102.86,0,0.02,2256.39,1151.25,glmnet,185
63.3035,00:01:03,20046.59,34402.35,14831.81,14982.79,0,0.01,2317.08,1166.45,glmnet,186
65.629,00:01:05,20016.81,34702.47,14576.11,14729.5,0,0.02,645.29,129.69,glmnet,187
64.545,00:01:04,20090.59,34641.67,15087.91,15232.09,0,0.02,2249.69,1159.98,glmnet,188
64.4693,00:01:04,20899.1,35546.43,15462.53,15625.2,0,0.01,2267.91,1164.15,glmnet,189
64.015,00:01:04,20219.06,34871.37,14844.22,14995.37,0,0.02,738.56,180.2,glmnet,190
65.2132,00:01:05,20201.04,34855.77,14796.34,14946.57,0,0.02,2202.45,1142.55,glmnet,191
64.3417,00:01:04,20679.43,35329.52,15140.08,15293.35,0,0.02,2256.57,1169.21,glmnet,192
63.3255,00:01:03,20601.33,35249.16,15195.17,15347.34,0,0.02,2279.63,1154.62,glmnet,193
65.0262,00:01:05,20246.45,34619.6,15143,15294.98,0,0.02,2227.39,1163.72,glmnet,194
62.4371,00:01:02,20106.96,34694.46,14995.08,15145.59,0,0.02,2280.2,1152.9,glmnet,195
64.4165,00:01:04,20220.03,34866.68,14791.05,14944.26,0,0.02,665.55,141.57,glmnet,196
64.8264,00:01:04,20208.41,34746.32,15120.93,15271.49,0,0.02,2247.48,1164.84,glmnet,197
63.7849,00:01:03,20469.84,35165.1,15349,15489.21,0,0.02,2245.93,1139.57,glmnet,198
63.8161,00:01:03,19740.13,34455.54,14690.32,14837.52,0,0.02,654.17,130.62,glmnet,199
905.0386,00:15:05,26335.63,36254.38,22769.67,22814.85,0,0.01,3156.09,1676.62,rf,100
883.68,00:14:43,24392.45,34299.13,22724.99,22770.05,0,6.82,3178.37,35.67,rf,101
878.3941,00:14:38,24288.62,34208.28,22623.31,22668.36,0,0.02,3202.86,1449.85,rf,102
898.2143,00:14:58,26851.79,36766.41,23179.98,23282.38,0,0.02,3168.19,1914.11,rf,103
904.6498,00:15:04,25828.74,35749.38,22652.14,22697.33,0,0.02,3191.03,1609,rf,104
888.6963,00:14:48,27233.36,37148.36,22670.96,22716.12,0,0.02,3214.34,210.67,rf,105
886.2734,00:14:46,24427.34,34334.5,22754.64,22799.92,0,3.12,3180,34.81,rf,106
896.2981,00:14:56,26395.44,36315.64,22679.12,22790.36,0,0.02,3167.85,1832.1,rf,107
902.7133,00:15:02,27265.12,37181.5,23600.27,23702.58,0,0.02,3200.41,1704.41,rf,108
903.3284,00:15:03,27432.57,37347.38,23750.45,23854.77,0,0.02,3077.28,638.51,rf,109
907.3722,00:15:07,26796.91,36715.21,23091.41,23198.36,63.82,0.02,3204.73,1518.61,rf,110
905.3172,00:15:05,25309.41,35224.41,22592.76,22638.1,0,0.02,3155.63,1690.74,rf,111
899.7184,00:14:59,27004.38,36919.39,23272.02,23380.88,0,0.02,3201.93,1785.35,rf,112
898.3619,00:14:58,24520.75,34437.84,22544.75,22589.85,0,0.02,3213.14,1823.21,rf,113
906.7924,00:15:06,25732.89,35650.44,22750.64,22795.73,0,0.02,3198.28,1624.03,rf,114
890.1447,00:14:50,24269.69,34176.89,22600.22,22645.35,0,0.03,3171.9,1419.64,rf,115
906.5076,00:15:06,24390.22,34297.9,22723.6,22768.64,0,0.02,3184.97,1634.46,rf,116
909.5696,00:15:09,25550.35,35465.89,22682.05,22727.05,63.82,0.02,3189.95,1534.26,rf,117
896.4172,00:14:56,26507.06,36422.05,22797.5,22903.46,0,0.02,3218.78,1856.04,rf,118
915.4006,00:15:15,24544.72,34451.72,22875.53,22920.66,0,5.09,3187.58,35.65,rf,119
898.6975,00:14:58,24331.76,34239.43,22589.21,22634.33,0,0.02,3208.77,1732.05,rf,120
911.2761,00:15:11,25378.44,35293.62,22616.99,22662.18,0,0.01,3195.63,1443.24,rf,121
881.9345,00:14:41,25098.85,35014.14,22692.01,22737.1,0,17.11,3192.84,38.72,rf,122
902.8437,00:15:02,25745.77,35663.58,22613.96,22658.95,0,0.02,3190.96,1660.93,rf,123
891.119,00:14:51,24300.66,34207.52,22622.77,22667.92,0,0.02,3100.74,429.13,rf,124
908.3914,00:15:08,24852.59,34768.6,22762.86,22808.02,63.82,0.02,3177.67,1456.44,rf,125
917.9383,00:15:17,24850.01,34774.36,22636.41,22681.52,0,0.02,3138.93,99.45,rf,126
904.8379,00:15:04,25578.26,35493.96,22581.76,22626.84,63.82,0.02,3193.99,1688.55,rf,127
900.2651,00:15:00,26619.78,36534.38,22908.66,23018.92,0,0.02,3126.81,1683.48,rf,128
900.8693,00:15:00,26682.14,36599.42,22987.32,23092.9,0,0.02,3085.47,634.3,rf,129
889.4662,00:14:49,26443.08,36358.59,22740.51,22845.19,0,0.03,3090.58,146.7,rf,130
899.1301,00:14:59,27315.35,37230.29,23598.05,23707.21,0,0.02,3204.77,1811.28,rf,131
899.16010000000006,00:14:59,24256.25,34163.55,22592.5,22637.56,0,0.02,3165.55,1866.71,rf,132
892.8151,00:14:52,24375.72,34282.62,22703.44,22748.67,0,0.02,3115.42,1890.81,rf,133
921.3483,00:15:21,24412.67,34319.37,22743.84,22788.96,0,0.02,3168.92,97.88,rf,134
900.1454,00:15:00,27287.41,37202.49,23624.26,23726.23,63.82,0.02,3203.88,1715.75,rf,135
906.9995,00:15:06,25342.74,35258.91,22522,22567.09,0,0.02,3175.27,1648.26,rf,136
891.37,00:14:51,24422.38,34341.76,22533,22578.26,0,0.02,3063.19,893.92,rf,137
914.7524,00:15:14,25989,35903.95,22735.26,22780.34,0,12.09,3160.78,37.26,rf,138
902.2722,00:15:02,26295.39,36217.02,22503.46,22583.25,0,0.01,3186.17,1678.7,rf,139
883.2926,00:14:43,24722.64,34637.72,22817.77,22862.83,0,12.54,3167.84,37.23,rf,140
906.2146,00:15:06,25537.41,35452.28,22566.03,22611.34,0,0.04,3164.34,1564.51,rf,141
917.7687,00:15:17,24350.85,34259.24,22687.96,22733.01,0,3.55,3071.71,35.86,rf,142
915.7258,00:15:15,24296.51,34204.26,22622.93,22668.29,0,5.1,3167.93,36.22,rf,143
906.1641,00:15:06,24985.49,34900.14,22728.04,22773.31,0,0.02,3190.21,1591.85,rf,144
899.6783,00:14:59,26910.91,36825.96,23259.11,23362.22,0,0.02,3177.69,1669.18,rf,145
910.3758,00:15:10,24484.51,34391.38,22813.59,22858.8,63.46,13.09,3077.27,39.4,rf,146
905.8174,00:15:05,24238.58,34148.12,22570.12,22615.27,0,0.03,3156.04,1683.9,rf,147
896.8662,00:14:56,24351.2,34266.73,22593.52,22638.61,3.1,0.02,3190.12,1928.55,rf,148
899.4314,00:14:59,26622.26,36537.18,22880.41,22986.71,63.82,0.02,3199.72,1709.83,rf,149
923.2032,00:15:23,24653.65,34559.88,22989.16,23034.25,63.82,0.01,3120.68,1086.73,rf,150
976.4067,00:16:16,24505.38,34420.24,22598.54,22643.73,63.82,13.21,3110.43,37.88,rf,151
901.7162,00:15:01,27806.29,37721.25,24148.58,24251.5,63.82,0.02,3162.85,1797.78,rf,152
879.9933,00:14:39,25311.78,35229.97,22739.46,22784.67,63.82,0.02,3198.75,1255.13,rf,153
899.8681,00:14:59,26030.78,35948.5,22768.46,22813.57,63.82,0.02,3200.73,1720,rf,154
897.8939,00:14:57,25475.07,35390.83,22721.42,22766.75,63.86,0.02,3172.84,1796.72,rf,155
887.9393,00:14:47,26485.69,36402.13,22785.96,22891.71,63.88,0.02,3160.08,1469.32,rf,156
889.6368,00:14:49,24913.68,34837.34,22802.98,22848.15,63.85,0.02,3079.15,926.17,rf,157
893.7705,00:14:53,27247.02,37161.69,23535.07,23645.27,63.82,0.02,3178.43,1820.64,rf,158
900.1716,00:15:00,25561.31,35476.28,22564.39,22609.64,63.82,0.02,3198.91,1719.34,rf,159
899.939,00:14:59,24629.43,34544.21,22716.5,22761.64,63.82,0.02,3042.62,637.49,rf,160
902.2844,00:15:02,26865.62,36781.57,23124.07,23228.96,0,0.02,3184.98,1674.25,rf,161
912.1719,00:15:12,27074.6,36990.03,22792.67,22837.97,0,0.02,3189.69,1261.39,rf,162
882.7452,00:14:42,25542.49,35456.53,22650.96,22696.22,0,10.31,3166.7,36.69,rf,163
975.5977,00:16:15,24259.77,34167.52,22585.29,22630.58,63.82,14.05,3205.14,38.81,rf,164
879.0717,00:14:39,26380.49,36301.14,22666.7,22772.32,0,0.01,3196.22,1344.82,rf,165
903.2002,00:15:03,25647.5,35631.2,22715.79,22760.79,63.46,0.02,3194.65,1664,rf,166
898.0583,00:14:58,25698.93,35618.12,22756.17,22801.26,0,0.02,3206.69,1715.58,rf,167
903.7209,00:15:03,26532.87,36450.69,22825.76,22931.59,63.82,0.02,3112.01,1667.82,rf,168
893.6368,00:14:53,25050.66,34966.48,22743.91,22789,0,0.01,3111.39,886.09,rf,169
896.9237,00:14:56,24308.36,34215.4,22639.22,22684.31,63.82,0.02,3135,2017.54,rf,170
902.7494,00:15:02,25928.35,35843.6,22789.88,22835.12,0,0.02,3041.83,645.18,rf,171
904.2197,00:15:04,25937.53,35853.59,22804.46,22849.59,0,0.02,3204.98,1622.7,rf,172
894.5211,00:14:54,24712.63,34636.76,22702.32,22747.44,0,0.02,3061.44,985.36,rf,173
903.1524,00:15:03,26605.1,36522.11,22916.88,23021.3,0,0.02,3201.5,1634.79,rf,174
890.6162,00:14:50,25157.83,35072.33,22553.5,22598.33,0,0.02,3064.53,990.87,rf,175
913.1859,00:15:13,27264.37,37179.35,23521.12,23628.61,0,15.56,3183.57,38.71,rf,176
902.1802,00:15:02,27163.57,37078.86,23515.63,23618.45,0,0.02,3089.09,1713.71,rf,177
884.7091,00:14:44,24264.88,34172.02,22599.14,22644.21,0,8.62,3183.89,35.58,rf,178
900.626,00:15:00,25384.73,35299.35,22652.94,22698.01,0,0.02,3170.45,1738.43,rf,179
897.1947,00:14:57,24256.74,34163.68,22589.71,22634.79,0,0.02,3211.04,1851.47,rf,180
887.1352,00:14:47,25196.58,35118.87,22598.49,22643.64,0,0.02,3112.24,1077.73,rf,181
903.2434,00:15:03,26308.7,36230.22,22840.06,22885.11,0,0.01,3196.45,1734.08,rf,182
901.7494,00:15:01,24299.87,34217.39,22623.38,22668.59,0,0.02,3165.7,1661.94,rf,183
927.4118,00:15:27,24990.31,34913.47,22614.68,22659.76,0,0.02,3137.33,1753.29,rf,184
914.4187,00:15:14,24474.42,34389.48,22588.23,22633.33,0,11.63,3063.76,37.82,rf,185
896.2678,00:14:56,25580.44,35495.81,22479.28,22524.41,0,0.02,3058.58,891.86,rf,186
905.0955,00:15:05,25521.04,35436.28,22806.77,22851.93,0,0.02,3155.33,1602.67,rf,187
880.0702,00:14:40,25098.16,35012.32,22743.2,22788.53,63.82,0.02,3183.44,1420.53,rf,188
901.7609,00:15:01,25092.79,35010.93,22834.32,22879.52,0,0.03,3196.67,1740.5,rf,189
883.5101,00:14:43,24264.58,34172.25,22592.43,22637.74,0,11.91,3187.05,36.66,rf,190
877.0205,00:14:37,26151.45,36066.45,22746.8,22791.87,0,0.02,3080.37,1418.39,rf,191
881.9156,00:14:41,25273.79,35198.64,22612.5,22657.62,63.82,9.96,3180.43,36.58,rf,192
882.2476,00:14:42,27581.95,37496.66,22529.36,22574.45,63.82,10.57,3174.6,36.6,rf,193
906.8098,00:15:06,26405.98,36324.19,22617.08,22724.36,63.82,0.02,3181.29,1603.94,rf,194
902.4161,00:15:02,27485.77,37400.76,23822.08,23924.73,63.82,0.02,3195.5,1745.11,rf,195
894.7191,00:14:54,24922.03,34837.1,22695.05,22740.14,63.82,0.02,3221.27,1711.46,rf,196
911.7264,00:15:11,26416.32,36332.64,22717.74,22824.73,63.82,11.89,3141.07,37.37,rf,197
895.5936,00:14:55,26646.42,36561.17,22921.63,23032.23,63.84,0.02,3169.93,1794.46,rf,198
896.9114,00:14:56,24430.9,34350.99,22740.44,22785.57,63.86,0.02,3162.5,1837.49,rf,199
70.6923,00:01:10,19022.15,33699.52,14573.31,14718.76,64.45,0.02,2026.78,1276.57,rpart2,100
74.157,00:01:14,19444.32,34096.23,14364.3,14510.66,64.32,0.02,1858.2,1225.81,rpart2,101
73.3412,00:01:13,19005.04,33677.32,14528.08,14668.82,64.27,0.02,1936.62,1270.31,rpart2,102
73.8191,00:01:13,19077.6,33752.29,14448.37,14594.02,64.27,0.02,1998.23,1317.13,rpart2,103
72.4541,00:01:12,18982.61,33644.14,14582.93,14718.5,64.27,0.02,1948.39,1264.69,rpart2,104
69.5763,00:01:09,19408.95,34060.55,14537.35,14679.91,0.44,0.02,2031.9,1245.41,rpart2,105
71.6906,00:01:11,19033.69,33765.02,14570.7,14709.9,0.44,0.02,643.83,319.14,rpart2,106
70.59,00:01:10,18829.32,33495.14,14469.83,14605.07,63.91,0.02,695.11,334.94,rpart2,107
73.4156,00:01:13,19033.22,33708.88,14617.58,14757.83,64.27,0.02,1989.13,1291.59,rpart2,108
72.0408,00:01:12,19377.25,34029.03,14744.48,14892.04,0,0.02,1974.84,1268.45,rpart2,109
73.0128,00:01:13,19335.18,34113.09,14764.55,14915.98,0.44,0.02,1823.32,1100.09,rpart2,110
70.8547,00:01:10,19293.11,34014.96,14709.76,14858.66,0,0.02,2067.01,1306.03,rpart2,111
70.3794,00:01:10,19047.3,33714.43,14546.39,14690.96,0,0.02,2020.76,1248.72,rpart2,112
73.9642,00:01:13,19084.98,33796.48,14656.2,14798.19,64.27,0.02,1863.44,1214.68,rpart2,113
72.1961,00:01:12,19249.2,33905.29,14599.11,14741.06,0,0.01,2043.41,1316.38,rpart2,114
71.6415,00:01:11,18997.56,33703.47,14591.47,14734.72,0,0.02,1993.93,1248.78,rpart2,115
73.1184,00:01:13,19304.33,33999.98,14687.08,14833.87,0.44,0.02,2029.17,1330.61,rpart2,116
72.353,00:01:12,19316.63,34011.11,14409.71,14548.87,0,0.02,2028.14,1308.68,rpart2,117
70.8263,00:01:10,18962.71,33633.72,14561.95,14700.71,0.44,0.02,2081.79,1310.75,rpart2,118
71.3323,00:01:11,19047.35,33707.4,14651.98,14787.49,0,0.02,1509.49,788.12,rpart2,119
71.1918,00:01:11,19178.99,33833.54,14848.04,14984.45,0,0.02,1548.14,809.36,rpart2,120
73.6967,00:01:13,19021.22,33673.3,14435.24,14581.73,64.29,0.02,2017.32,1350.25,rpart2,121
74.5916,00:01:14,19530.85,34183.47,14537.81,14677.14,64.39,0.02,1850.34,1223.87,rpart2,122
73.1984,00:01:13,19050.04,33780.14,14452.12,14595.61,64.39,0.01,1972.43,1287.33,rpart2,123
72.8455,00:01:12,19168.89,33843.94,14592.54,14735.41,0,0.02,1959.47,1269.11,rpart2,124
71.765,00:01:11,19215.29,33884.61,14705.12,14847.09,0.44,0.02,739.71,392.58,rpart2,125
71.9947,00:01:11,19167.31,33853.95,14828.95,14964.88,0,0.02,1615.63,878.21,rpart2,126
72.449,00:01:12,19357.72,34026.57,14684.95,14829.02,0,0.02,1967.79,1254.17,rpart2,127
71.3745,00:01:11,19131.37,33845.83,14630.07,14771.29,0,0.02,2035.18,1292.7,rpart2,128
70.7728,00:01:10,19106.39,33764.04,14691.1,14834.16,0,0.02,2045.48,1290.25,rpart2,129
72.3511,00:01:12,19237.68,33889.41,14407.62,14550.12,0.44,0.02,1920.69,1222.41,rpart2,130
74.7315,00:01:14,19540.03,34191.75,14638.88,14777.37,0,0.02,1856.05,1225.63,rpart2,131
70.6227,00:01:10,19001.14,33725.66,14520.33,14663.1,0,0.02,615.8,319.57,rpart2,132
74.6283,00:01:14,19411.77,34108.09,14741.07,14893.92,0,0.02,1916.92,1258.54,rpart2,133
71.2427,00:01:11,19115.5,33771.39,14638,14783.32,0,0.02,634.59,308.55,rpart2,134
72.6294,00:01:12,19340.7,34013.92,14674.61,14827.06,64.27,0.02,699.1,361.86,rpart2,135
72.5532,00:01:12,19097.03,33789,14494.41,14639.18,0,0.02,1990.89,1315.64,rpart2,136
70.3694,00:01:10,19476.37,34128.3,14410.44,14552.67,0,0.02,1945.93,1170.48,rpart2,137
70.8529,00:01:10,19260.96,33912.58,14648.52,14788.62,0,0.02,1995.78,1257.91,rpart2,138
72.5592,00:01:12,18936.37,33633.76,14504.33,14644.64,0,0.02,1961.44,1255.01,rpart2,139
71.8802,00:01:11,19681.05,34381.22,14825.68,14985.63,0,0.02,2100.3,1361.68,rpart2,140
71.3394,00:01:11,19319.8,33976.07,14699.62,14839.14,0,0.02,2015.1,1252.63,rpart2,141
71.3109,00:01:11,19282.17,33933.85,14829.79,14967.9,0,0.02,2048.84,1286.49,rpart2,142
70.6371,00:01:10,19196.73,33868.11,14705.41,14847.29,0,0.02,2115.4,1326.42,rpart2,143
75.4623,00:01:15,18884.79,33537.05,14371.65,14513.6,63.91,0.02,622.28,337.36,rpart2,144
72.5201,00:01:12,19466,34118.05,14194.32,14340.58,64.27,0.02,1880.68,1212.93,rpart2,145
73.272,00:01:13,19051.51,33750.08,14562.76,14703.46,64.27,0.02,1866.29,1222.17,rpart2,146
72.6743,00:01:12,19093.82,33770.15,14584.21,14735.23,0.44,0.02,1952.81,1265.53,rpart2,147
72.5475,00:01:12,19354.25,34078.9,14681.58,14834.87,64.27,0.02,1969.82,1282.69,rpart2,148
72.4492,00:01:12,18981.42,33633.21,14496.91,14639.01,0,0.02,726.13,388.71,rpart2,149
72.2217,00:01:12,19077.52,33729.84,14691.44,14831.28,0,0.02,1967.03,1289.27,rpart2,150
71.5821,00:01:11,19254.51,33912.87,14668.56,14806.08,0.44,0.01,2025.77,1291.37,rpart2,151
73.2,00:01:13,19426.06,34104.83,14771.14,14923.18,0,0.02,2028.09,1318.72,rpart2,152
72.121,00:01:12,18996.63,33651.35,14556.79,14697,0.44,0.02,2044.97,1320.88,rpart2,153
70.7832,00:01:10,19210.02,33910.96,14459.65,14613.17,0,0.02,648.31,309.87,rpart2,154
73.2235,00:01:13,19129.95,33829.82,14678.93,14824.34,0,0.02,720.53,373.25,rpart2,155
71.2726,00:01:11,19449.74,34102.7,15049.16,15187.75,0.44,0.02,2052.14,1296.69,rpart2,156
71.7429,00:01:11,19505.15,34198.19,14893.09,15046.11,64.27,0.02,2072.21,1328.69,rpart2,157
73.2604,00:01:13,19320.74,34008.43,14618.78,14767.28,0,0.02,2034.75,1338.34,rpart2,158
73.0804,00:01:13,19363.08,34055.43,14703.1,14851.82,0,0.02,1904.2,1244.77,rpart2,159
72.4472,00:01:12,19330.35,34043.45,14653.91,14802.69,0,0.02,1914.02,1251.06,rpart2,160
70.7955,00:01:10,19214.86,33904.3,14628.84,14769.78,0,0.02,2003.72,1246.59,rpart2,161
71.9564,00:01:11,19090.97,33747.94,14550.88,14689.15,0.44,0.02,2076.46,1344.27,rpart2,162
70.8719,00:01:10,19028.18,33709,14562.32,14698.36,0.44,0.02,2065.17,1332.58,rpart2,163
72.7286,00:01:12,18975.71,33639.53,14459.57,14599.19,0.44,0.02,647.1,345.71,rpart2,164
71.6643,00:01:11,19149.57,33825.88,14741.45,14878.21,0.44,0.01,701.34,389.89,rpart2,165
73.5672,00:01:13,18820.02,33594.32,14461.62,14596.85,0,0.02,715.77,384.34,rpart2,166
71.2886,00:01:11,19195.07,33847.13,14628.38,14769.51,0.44,0.02,693.16,346.64,rpart2,167
70.7888,00:01:10,19061.13,33755.54,14591.04,14730.13,0,0.01,2088.21,1304.06,rpart2,168
74.1361,00:01:14,19102.83,33805.55,14585.88,14724.45,0.44,0.02,2035.39,1346.59,rpart2,169
73.3088,00:01:13,19309.14,33985.16,14635.12,14783.67,0,0.02,1987.75,1293.17,rpart2,170
73.3549,00:01:13,18813.02,33500.32,14384.57,14522.93,0,0.02,1650.43,915.12,rpart2,171
71.373,00:01:11,19043.73,33727.44,14620.64,14754.86,0,0.02,1299.98,556.99,rpart2,172
72.1109,00:01:12,19010,33660.5,14523.54,14668.11,63.91,0.02,1981.45,1274.84,rpart2,173
72.5006,00:01:12,19062.45,33768.46,14737.68,14873.45,0.44,0.01,1990.08,1280.81,rpart2,174
72.2333,00:01:12,19304.56,33956.64,14555.37,14708.25,64.27,0.02,2005.53,1294.71,rpart2,175
73.6889,00:01:13,19099.43,33779.21,14695.38,14837.75,0.44,0.01,2013.94,1318.7,rpart2,176
70.8851,00:01:10,19103.68,33772.12,14454.88,14598.47,0,0.02,1996.33,1236.92,rpart2,177
71.3133,00:01:11,19345.53,34092.44,14663.79,14814,0.44,0.02,1985.73,1232.8,rpart2,178
71.0827,00:01:11,19179.55,33832.82,14641.72,14815.93,0,0.02,2088.62,1320.45,rpart2,179
69.9338,00:01:09,18972.39,33687.14,14661.34,14796.38,0,0.02,684.43,336.16,rpart2,180
72.6743,00:01:12,19483.14,34135.13,14713.22,14855.09,0.44,0.02,1915.09,1255.56,rpart2,181
70.0102,00:01:10,18732.92,33392.04,14362.57,14493.77,0,0.02,630.64,322.94,rpart2,182
71.8961,00:01:11,19061.77,33724.02,14684.03,14828.5,0,0.02,2032.66,1311.7,rpart2,183
71.4728,00:01:11,19302.53,33953.96,14496.29,14639.1,0,0.02,1854.8,1155.45,rpart2,184
70.6082,00:01:10,19464.37,34116.27,14494.69,14636.97,0,0.02,1925.87,1188.35,rpart2,185
72.6432,00:01:12,19208.05,33872.34,14725.41,14864.24,0.44,0.02,1956.9,1264.31,rpart2,186
72.825,00:01:12,18998.36,33687.03,14456.89,14590.8,0,0.02,1976.81,1278.73,rpart2,187
69.1254,00:01:09,19118.35,33782.49,14535.67,14688.62,0,0.02,2052.16,1248.99,rpart2,188
72.1312,00:01:12,19133.01,33854.86,14785.67,14929.56,0,0.02,1324.74,623.16,rpart2,189
71.7678,00:01:11,19138.11,33802.51,14530.88,14676.3,0,0.02,720.86,383.88,rpart2,190
70.312,00:01:10,19423.77,34088.18,14762.33,14910.74,0.44,0.02,764.96,400.09,rpart2,191
72.2224,00:01:12,18946.11,33608.03,14518.76,14652.94,0,0.02,2064.02,1327.24,rpart2,192
71.403,00:01:11,19256.08,33915.77,14783.03,14919.34,0.44,0.02,679.36,342.24,rpart2,193
73.1014,00:01:13,19161.52,33823.5,14582.71,14721.19,0,0.01,2043.67,1324.74,rpart2,194
71.7259,00:01:11,18837.45,33498.66,14454.84,14592.62,0,0.02,1588.68,838.47,rpart2,195
72.1081,00:01:12,19084.48,33752.59,14762.02,14897.27,0,0.02,1457.98,720.75,rpart2,196
71.4705,00:01:11,18999.66,33673.24,14448.43,14590.4,0,0.02,1970.19,1226.69,rpart2,197
71.3639,00:01:11,19227.16,33939.91,14582.35,14729.62,0.44,0.02,2001.83,1260.33,rpart2,198
73.0951,00:01:13,19217.52,33903.34,14875.68,15008.43,0,0.01,2006.09,1320.34,rpart2,199
2571.2568,00:42:51,69540.9,84446.86,43722.79,44437.66,3.81,256.1,3324.8,62.92,svmRadial,100
2625.5053,00:43:45,68221.33,83598.46,42207.64,42908.94,3.81,1.67,3286.28,37.3,svmRadial,101
2567.259,00:42:47,68547.25,84127.36,43621.87,44306.93,3.81,256.02,3300.66,63.47,svmRadial,102
2616.6262,00:43:36,67528.17,82327.67,42290.2,42985.08,3.81,126.89,3340.91,49.52,svmRadial,103
2604.6948,00:43:24,68534.78,83791.66,40951.31,41701.08,3.81,255.55,3309.07,60.78,svmRadial,104
2600.3675,00:43:20,69145.16,84396.19,42878.82,43594.65,3.81,258.32,3337.35,65.15,svmRadial,105
2630.4341,00:43:50,68314.31,83269.32,38519.84,39316.97,68.07,258.18,3331.01,64.54,svmRadial,106
2613.7541,00:43:33,66866.85,81935.43,41249.76,41959.48,3.81,126.95,3256.66,49.17,svmRadial,107
2554.6539,00:42:34,69089.06,84429.77,39430.89,40223.88,67.71,127,3322.53,49.1,svmRadial,108
2667.9548,00:44:27,67515.9,82553.34,41805.67,42500.88,4.25,184.41,3244.93,57.58,svmRadial,109
2606.656,00:43:26,67450.61,82589.09,42128.59,42827.31,3.81,178.24,3310.55,54.95,svmRadial,110
2643.9166,00:44:03,68346.12,83452.81,39468.45,40243.14,3.81,130.84,3300.11,51.48,svmRadial,111
2610.8329,00:43:30,65515.73,80747.45,39275.76,39989.62,3.81,158.81,3343.82,54.92,svmRadial,112
2614.4397,00:43:34,67492.48,82565.07,42392.52,43075.26,68.07,126.95,3275.21,46.95,svmRadial,113
2635.4592,00:43:55,68811.12,83876.88,42613.68,43345.51,3.81,224.04,3263.49,58.08,svmRadial,114
2591.2225,00:43:11,69636.62,84546.7,41040.18,41767.52,3.81,76.99,3285.61,44,svmRadial,115
2599.0417,00:43:19,69253.74,84301.64,39192.41,39986.75,4.25,256.68,3300.23,62.63,svmRadial,116
2616.1678,00:43:36,68360.57,83643.39,41822.77,42538.11,3.81,126.84,3315.9,46.91,svmRadial,117
2556.0244,00:42:36,67146.68,82156.05,41888.95,42580.82,3.81,125.04,3343.36,46.72,svmRadial,118
2650.3972,00:44:10,66561.92,81678.44,41487.55,42165.2,4.25,77.89,3318.12,45.38,svmRadial,119
2552.0609,00:42:32,68405.28,83853.45,40745.58,41480.87,3.81,130.4,3300.55,51.46,svmRadial,120
2680.2455,00:44:40,67019.61,82085.98,41653.31,42355.84,3.81,125.94,3295.19,49.43,svmRadial,121
2640.4323,00:44:00,67293.55,82007.56,39276.1,40029.18,4.25,159.48,3275.24,55.41,svmRadial,122
2587.4575,00:43:07,68642.31,83727.77,42710.35,43414.44,3.81,126.91,3317.93,46.24,svmRadial,123
2626.9816,00:43:46,67735.22,82893.05,42131.7,42825.08,4.25,2.45,3298.27,39.65,svmRadial,124
2641.9985,00:44:01,66109.59,81072.17,40659.1,41343.5,0,131,3302.6,52.31,svmRadial,125
2650.6558,00:44:10,67457.14,82775.74,42861.52,43541.52,3.81,90.34,3243.17,46.68,svmRadial,126
2580.5963,00:43:00,68103.75,83311.77,42427.74,43134.37,3.81,131.69,3296.35,53.7,svmRadial,127
2594.5391,00:43:14,68180.72,83705.73,41903.09,42613.36,0,27.76,3309.93,39.46,svmRadial,128
2653.2947,00:44:13,67678.88,82933.55,40163.92,40921.26,0,41,3267.2,42.8,svmRadial,129
2652.8624,00:44:12,67302.66,82563.58,39165.92,39927.07,0,14.92,3297.15,42.12,svmRadial,130
2539.1609,00:42:19,68593.76,83679.21,43650.75,44340.45,0,256.39,3269.27,62.71,svmRadial,131
2570.2224,00:42:50,67064.09,82221.01,41707.53,42401.55,0,256.13,3273.35,61.95,svmRadial,132
2616.7947,00:43:36,68659.04,83613.06,43243.84,43944.02,68.07,117.04,3340.03,48.07,svmRadial,133
2542.5797,00:42:22,66060.39,81016.57,41008.27,41690.67,0,251.96,3318.87,58.7,svmRadial,134
2610.0019,00:43:30,67296.3,82544.88,41534.07,42242.28,0,146.73,3304.53,57.24,svmRadial,135
2540.3724,00:42:20,68819.29,84173.38,43082.39,43789.73,0,256.27,3300.52,64.04,svmRadial,136
2648.6595,00:44:08,68477.52,83414.25,41911.31,42633.25,67.71,99.57,3295.12,46.26,svmRadial,137
2604.4433,00:43:24,67704.79,82729.03,41804.48,42493.85,0,215.21,3275.3,57.93,svmRadial,138
2605.0433,00:43:25,69043.63,84132.42,43353.62,44064.81,0,224.71,3276.75,58.72,svmRadial,139
2653.4764,00:44:13,64166.66,79008.29,39370.6,40031.08,0,32.8,3322,42.44,svmRadial,140
2780.5071,00:46:20,67334.12,82195.77,42755.09,43433.62,68.07,20.18,3257.42,44.52,svmRadial,141
2638.0082,00:43:58,69842.94,85021.12,42604.77,43333.89,0,234.24,3329.15,60.4,svmRadial,142
2650.0645,00:44:10,67417.93,82608.1,41890.17,42598.06,4.25,91.13,3247,43.59,svmRadial,143
2591.0194,00:43:11,68019.99,82973.28,42589.11,43286.74,0,39.87,3340.78,40.9,svmRadial,144
2669.3228,00:44:29,68702.79,83872.39,38854.67,39659.87,68.07,152.73,3248.23,55.06,svmRadial,145
2687.4882,00:44:47,66556.81,81879.6,41093.14,41802.5,68.07,257.29,3209.31,65.62,svmRadial,146
2620.6651,00:43:40,67267.01,82175.21,40354.25,41051.02,0,106.19,3331.12,49.46,svmRadial,147
2568.2486,00:42:48,68678.16,83738.93,42678.8,43370.86,4.25,0.26,3294,250.1,svmRadial,148
2683.8066,00:44:43,68811.05,83986.68,41072.3,41828.02,0,68.24,3249.04,44.84,svmRadial,149
2582.9675,00:43:02,69247.97,84433.73,42819.06,43542.75,0,131.98,3286.87,53.53,svmRadial,150
2665.5333,00:44:25,66747.26,81778.5,41092.99,41795.77,68.07,213.24,3267.19,60.73,svmRadial,151
2603.8013,00:43:23,69114.17,84264.96,41917.81,42613.3,0,255.65,3334.51,62.44,svmRadial,152
2647.282,00:44:07,66793.4,81926.13,41570.8,42254.06,0,126.8,3210.58,46.75,svmRadial,153
2650.7667,00:44:10,67284.48,82194.42,42015.01,42702.88,68.07,30.98,3275.71,43.87,svmRadial,154
2602.1522,00:43:22,66404.11,81430.06,41920.83,42593.76,0,255.71,3257.48,61.56,svmRadial,155
2589.0959,00:43:09,67909.9,83073.12,42399.83,43112.19,0,91.35,3249.56,48.01,svmRadial,156
2546.4443,00:42:26,68912.18,83901.07,44715.19,45383.62,68.07,130.52,3229.96,53.21,svmRadial,157
2585.6097,00:43:05,69161.57,84799.41,42787.64,43504.56,0,127.21,3330.83,50.46,svmRadial,158
2613.0292,00:43:33,67830.56,83148.8,42006.08,42716.53,67.71,130.78,3321.89,52.62,svmRadial,159
2626.9877,00:43:46,67860.11,82924.08,42788.57,43472.45,0,0.26,3263,257.89,svmRadial,160
2584.1937,00:43:04,68967.42,83733.07,42989.5,43700.66,0,130.34,3297.84,54.09,svmRadial,161
2642.8032,00:44:02,67846.44,83185.65,42613.14,43303.92,68.07,129.8,3288.51,52.79,svmRadial,162
2611.4727,00:43:31,67770.75,83218.57,40209.09,40954.49,0,128.4,3285.04,51.26,svmRadial,163
2681.738,00:44:41,68344.53,83301.8,42068.79,42785.24,0,37.8,3207.83,42.1,svmRadial,164
2575.2476,00:42:55,64434.33,79355.5,37924.34,38627.35,68.07,202.71,3331.81,58.55,svmRadial,165
2643.1078,00:44:03,68792.93,84001.33,38525,39333.52,4.25,134.92,3275.63,54.6,svmRadial,166
2584.3825,00:43:04,65760.77,81001.81,40314.51,41010.45,0,127.09,3326.14,50.41,svmRadial,167
2686.1411,00:44:46,68004.22,82982.04,38056.71,38868.83,0,13.71,3245.72,41.21,svmRadial,168
2621.5135,00:43:41,68666.75,83939.14,38039.19,38859.09,0,88.8,3289.55,44.81,svmRadial,169
2621.4012,00:43:41,69493.66,84519.3,43593.39,44293.92,3.81,84.41,3312.09,47.45,svmRadial,170
2618.6407,00:43:38,66307.05,81327.8,41191.54,41879.46,0,119.25,3229.58,47.69,svmRadial,171
2556.8782,00:42:36,66526.2,81780.3,41490.72,42169.84,0,106.27,3314.29,46.03,svmRadial,172
2610.3297,00:43:30,69411.93,84518.12,41444.08,42187.6,0,131.17,3279.46,52.32,svmRadial,173
2625.887,00:43:45,68400.14,83680.32,40813.58,41563.64,0,12.32,3322.51,42.89,svmRadial,174
2534.6488,00:42:14,68173.65,82974.12,42137.5,42861.15,0,1.15,3328.62,37.56,svmRadial,175
2580.585,00:43:00,68264.99,83366.68,41649.49,42401.5,0,145.58,3281.12,53.01,svmRadial,176
2589.6818,00:43:09,67086.25,81897.8,41248.61,41950.91,0,84.37,3311.9,44.71,svmRadial,177
2640.8199,00:44:00,66504.01,81320.85,41328.93,42010.62,4.25,131.04,3268.4,52.88,svmRadial,178
2625.7616,00:43:45,67657.34,82855.13,43352.27,44017.9,67.71,0.22,3251.77,455.43,svmRadial,179
2598.6946,00:43:18,68076.56,83407.02,41494.61,42221.57,68.07,256,3256.98,63.67,svmRadial,180
2665.5282,00:44:25,65934.03,81194.71,39406.17,40117.88,68.07,255.01,3282.05,60,svmRadial,181
2623.4193,00:43:43,69922.02,84879.36,43707.71,44409.38,3.81,22.05,3204.75,42.24,svmRadial,182
2569.3218,00:42:49,67352.53,82589.26,41692,42390.1,4.25,256.24,3307.35,63.51,svmRadial,183
2631.003,00:43:51,68226.72,83234.7,42485.17,43187.34,4.25,255.34,3208.11,62.18,svmRadial,184
2629.6471,00:43:49,65976.74,81350.78,36860.39,37639.34,67.71,256.13,3302.47,63.95,svmRadial,185
2619.4459,00:43:39,66314.27,81455.57,40950.34,41637.65,4.25,110.35,3299.46,46.19,svmRadial,186
2671.7227,00:44:31,68054.99,82943.39,39492.73,40265.42,0,167.96,3293.6,57.68,svmRadial,187
2608.6059,00:43:28,67037.56,82373.56,40694.04,41408.16,0,204.98,3319.84,59.5,svmRadial,188
2565.9143,00:42:45,67550.7,82793.2,39044.33,39825.17,0,0.27,3296.12,248.39,svmRadial,189
2660.0665,00:44:20,69505.36,84854.38,43251.72,43974.42,0,256.21,3275.57,63.75,svmRadial,190
2628.6295,00:43:48,66781.51,81888.43,41801.36,42480.91,0,0.27,3275.45,6739.72,svmRadial,191
2659.715,00:44:19,66418.96,81512.53,39570.66,40309.45,0,2.37,3252.26,38.21,svmRadial,192
2621.8177,00:43:41,67309.39,82619.99,42262.21,42947.25,68.07,41.34,3332.1,43.44,svmRadial,193
2589.1559,00:43:09,67974.24,83054.82,41713.84,42420.81,68.07,95.43,3273.92,44.82,svmRadial,194
2632.2537,00:43:52,68271.32,83645.72,42104.01,42828.06,67.71,250.03,3315.97,59.95,svmRadial,195
2615.0628,00:43:35,69911.66,85044.64,39493.45,40320.35,0,129.23,3320.29,50.86,svmRadial,196
2637.321,00:43:57,68504.59,83351.98,42240.8,42934.96,4.25,183.54,3264.84,57.04,svmRadial,197
2645.6148,00:44:05,68656.93,83668.29,40855.45,41603.9,3.81,126.95,3304.6,49.14,svmRadial,198
2651.5742,00:44:11,68051.59,83063.86,41387.24,42122.91,3.81,119.34,3302.47,46.27,svmRadial,199
